{
    "appearance_style": [
        0.2177289094650206,
        [
            {
                "video_path": "/nfs/oagrawal/wan/Wan2.1/dicache_results/videos/wan_dc_fixed_0.10/A beautiful coastal beach in spring, waves lapping on sand, Van Gogh style-0.mp4",
                "video_results": 0.1947608024691358,
                "frame_results": [
                    0.195,
                    0.199375,
                    0.20125,
                    0.19734375,
                    0.19703125,
                    0.196875,
                    0.1978125,
                    0.1971875,
                    0.2,
                    0.19609375,
                    0.199375,
                    0.19671875,
                    0.19359375,
                    0.1946875,
                    0.19484375,
                    0.19484375,
                    0.1940625,
                    0.19765625,
                    0.19578125,
                    0.19421875,
                    0.1928125,
                    0.1934375,
                    0.18796875,
                    0.1871875,
                    0.18890625,
                    0.19265625,
                    0.195,
                    0.1953125,
                    0.190625,
                    0.18890625,
                    0.19140625,
                    0.19046875,
                    0.1921875,
                    0.18609375,
                    0.18515625,
                    0.1853125,
                    0.1878125,
                    0.1896875,
                    0.18796875,
                    0.18859375,
                    0.18828125,
                    0.1925,
                    0.19203125,
                    0.196875,
                    0.1965625,
                    0.1959375,
                    0.19640625,
                    0.19984375,
                    0.19984375,
                    0.2,
                    0.1975,
                    0.1959375,
                    0.19515625,
                    0.19703125,
                    0.19734375,
                    0.19796875,
                    0.196875,
                    0.19640625,
                    0.1959375,
                    0.19578125,
                    0.1990625,
                    0.19703125,
                    0.19578125,
                    0.19625,
                    0.19765625,
                    0.1940625,
                    0.2003125,
                    0.19921875,
                    0.1990625,
                    0.19546875,
                    0.1946875,
                    0.19453125,
                    0.19359375,
                    0.1953125,
                    0.195,
                    0.19515625,
                    0.19703125,
                    0.19515625,
                    0.19453125,
                    0.19546875,
                    0.19578125
                ],
                "cur_sim": 0.19578125
            },
            {
                "video_path": "/nfs/oagrawal/wan/Wan2.1/dicache_results/videos/wan_dc_fixed_0.10/A beautiful coastal beach in spring, waves lapping on sand, oil painting-0.mp4",
                "video_results": 0.21110146604938274,
                "frame_results": [
                    0.21515625,
                    0.20484375,
                    0.210625,
                    0.20984375,
                    0.21234375,
                    0.209375,
                    0.213125,
                    0.216875,
                    0.2165625,
                    0.20828125,
                    0.209375,
                    0.20453125,
                    0.21109375,
                    0.21296875,
                    0.20984375,
                    0.20671875,
                    0.20625,
                    0.20390625,
                    0.20578125,
                    0.203125,
                    0.20890625,
                    0.20234375,
                    0.20328125,
                    0.206875,
                    0.20609375,
                    0.20578125,
                    0.20453125,
                    0.20515625,
                    0.200625,
                    0.20140625,
                    0.2021875,
                    0.19921875,
                    0.20546875,
                    0.2015625,
                    0.2059375,
                    0.19875,
                    0.20171875,
                    0.2015625,
                    0.2115625,
                    0.21859375,
                    0.22125,
                    0.214375,
                    0.2140625,
                    0.21078125,
                    0.2071875,
                    0.2103125,
                    0.208125,
                    0.21171875,
                    0.20484375,
                    0.21234375,
                    0.2065625,
                    0.2096875,
                    0.2084375,
                    0.21390625,
                    0.2159375,
                    0.214375,
                    0.21609375,
                    0.21859375,
                    0.22265625,
                    0.2153125,
                    0.21890625,
                    0.22015625,
                    0.2165625,
                    0.21546875,
                    0.2215625,
                    0.21734375,
                    0.2209375,
                    0.21578125,
                    0.2171875,
                    0.21921875,
                    0.21859375,
                    0.21984375,
                    0.215625,
                    0.2178125,
                    0.2184375,
                    0.21828125,
                    0.2190625,
                    0.21859375,
                    0.21390625,
                    0.20921875,
                    0.20796875
                ],
                "cur_sim": 0.20796875
            },
            {
                "video_path": "/nfs/oagrawal/wan/Wan2.1/dicache_results/videos/wan_dc_fixed_0.10/A beautiful coastal beach in spring, waves lapping on sand by Hokusai, in the style of Ukiyo-0.mp4",
                "video_results": 0.2473244598765432,