{
  "mode": "wan_ec_fixed_0.070",
  "baseline": "wan_ec_baseline",
  "num_videos": 33,
  "psnr": {
    "mean": 20.043429386000646,
    "std": 2.8757486076471706
  },
  "ssim": {
    "mean": 0.6646162760733803,
    "std": 0.12609244984190746
  },
  "lpips": {
    "mean": 0.2070693631454037,
    "std": 0.06348542859056948
  }
}