{
  "mode": "wan_ec_adaptive_16_100_020",
  "baseline": "wan_ec_baseline",
  "num_videos": 33,
  "psnr": {
    "mean": 19.12795609316745,
    "std": 2.439775823121882
  },
  "ssim": {
    "mean": 0.6053903734497564,
    "std": 0.11649394517963285
  },
  "lpips": {
    "mean": 0.2570204377352768,
    "std": 0.06818752728085183
  }
}