{
  "mode": "wan_ec_fixed_0.025",
  "baseline": "wan_ec_baseline",
  "num_videos": 33,
  "psnr": {
    "mean": 24.42299513628646,
    "std": 3.819094443511052
  },
  "ssim": {
    "mean": 0.8221040357954239,
    "std": 0.10152352319589786
  },
  "lpips": {
    "mean": 0.10509073323498068,
    "std": 0.06410591153903379
  }
}