{
  "mode": "wan_ec_fixed_0.225",
  "baseline": "wan_ec_baseline",
  "num_videos": 33,
  "psnr": {
    "mean": 18.288611911703498,
    "std": 2.131651204280569
  },
  "ssim": {
    "mean": 0.5499893698413291,
    "std": 0.11746685609959764
  },
  "lpips": {
    "mean": 0.3060496390824723,
    "std": 0.06839564639758489
  }
}