{
  "mode": "wan_ec_adaptive_16_020040",
  "baseline": "wan_ec_baseline",
  "num_videos": 33,
  "psnr": {
    "mean": 24.903060603650232,
    "std": 3.5722821477318822
  },
  "ssim": {
    "mean": 0.8329463585257412,
    "std": 0.09219664387327611
  },
  "lpips": {
    "mean": 0.09961864933945738,
    "std": 0.06045631040861571
  }
}