{
  "mode": "wan_ec_fixed_0.050",
  "baseline": "wan_ec_baseline",
  "num_videos": 33,
  "psnr": {
    "mean": 21.159006593672252,
    "std": 3.2717769378942405
  },
  "ssim": {
    "mean": 0.70900201562789,
    "std": 0.13168554927746204
  },
  "lpips": {
    "mean": 0.17335309059520448,
    "std": 0.06822422957783361
  }
}