{
  "mode": "wan_ec_fixed_0.200",
  "baseline": "wan_ec_baseline",
  "num_videos": 33,
  "psnr": {
    "mean": 18.453687027887042,
    "std": 2.1335054162728717
  },
  "ssim": {
    "mean": 0.5684533944542121,
    "std": 0.1126055784275834
  },
  "lpips": {
    "mean": 0.2933393606321668,
    "std": 0.06344392228097226
  }
}