{
  "mode": "wan_ec_adaptive_16_075_020",
  "baseline": "wan_ec_baseline",
  "num_videos": 33,
  "psnr": {
    "mean": 19.309641346766647,
    "std": 2.4403346157435553
  },
  "ssim": {
    "mean": 0.6165598945098988,
    "std": 0.11907878979119747
  },
  "lpips": {
    "mean": 0.2478299892454882,
    "std": 0.07118171480824753
  }
}