{
  "mode": "wan_ec_fixed_0.175",
  "baseline": "wan_ec_baseline",
  "num_videos": 33,
  "psnr": {
    "mean": 18.695520574116273,
    "std": 2.5033292292693448
  },
  "ssim": {
    "mean": 0.5805766601738598,
    "std": 0.12446684869303774
  },
  "lpips": {
    "mean": 0.2800779634988402,
    "std": 0.0717064023757878
  }
}