{
  "mode": "wan_ec_fixed_0.020",
  "baseline": "wan_ec_baseline",
  "num_videos": 33,
  "psnr": {
    "mean": 25.578161218336444,
    "std": 3.9402051741189625
  },
  "ssim": {
    "mean": 0.851554343030903,
    "std": 0.09833247539662991
  },
  "lpips": {
    "mean": 0.08688745368237225,
    "std": 0.0618649434319662
  }
}