{
  "mode": "wan_ec_adaptive_16_050_020",
  "baseline": "wan_ec_baseline",
  "num_videos": 33,
  "psnr": {
    "mean": 19.875684615654976,
    "std": 2.5389835672890837
  },
  "ssim": {
    "mean": 0.6451631944853915,
    "std": 0.12282144667220905
  },
  "lpips": {
    "mean": 0.22431969783121491,
    "std": 0.07103379919743795
  }
}