{
  "mode": "wan_ec_fixed_0.150",
  "baseline": "wan_ec_baseline",
  "num_videos": 33,
  "psnr": {
    "mean": 18.827015573637745,
    "std": 2.450885601803676
  },
  "ssim": {
    "mean": 0.5893808241773296,
    "std": 0.12106692690841245
  },
  "lpips": {
    "mean": 0.2691770241450514,
    "std": 0.0700982255469786
  }
}