{
  "mode": "wan_ec_fixed_0.040",
  "baseline": "wan_ec_baseline",
  "num_videos": 33,
  "psnr": {
    "mean": 22.016768463005945,
    "std": 3.2920136499773416
  },
  "ssim": {
    "mean": 0.7499743987468712,
    "std": 0.11468675888917981
  },
  "lpips": {
    "mean": 0.14848972328238574,
    "std": 0.06472921836020337
  }
}