{
  "mode": "wan_ec_adaptive",
  "baseline": "wan_ec_baseline",
  "num_videos": 33,
  "psnr": {
    "mean": 23.616993850039634,
    "std": 3.4552496018543626
  },
  "ssim": {
    "mean": 0.7949889735747191,
    "std": 0.09883791024932495
  },
  "lpips": {
    "mean": 0.12336088584863511,
    "std": 0.06378690921586774
  }
}