{
  "mode": "wan_ec_fixed_0.125",
  "baseline": "wan_ec_baseline",
  "num_videos": 33,
  "psnr": {
    "mean": 19.107609983718685,
    "std": 2.5379150381520614
  },
  "ssim": {
    "mean": 0.6100804415669681,
    "std": 0.11965114557402855
  },
  "lpips": {
    "mean": 0.25315343966276244,
    "std": 0.07149020389061135
  }
}