{
  "mode": "wan_ec_adaptive_16_025_020",
  "baseline": "wan_ec_baseline",
  "num_videos": 33,
  "psnr": {
    "mean": 20.799088116416666,
    "std": 2.513471386800484
  },
  "ssim": {
    "mean": 0.6821232017417498,
    "std": 0.09910628209951218
  },
  "lpips": {
    "mean": 0.19670814687990312,
    "std": 0.06739883759888139
  }
}