{
  "mode": "wan_ec_fixed_0.080",
  "baseline": "wan_ec_baseline",
  "num_videos": 33,
  "psnr": {
    "mean": 19.85158311983004,
    "std": 2.738851061149018
  },
  "ssim": {
    "mean": 0.6555236461196305,
    "std": 0.11973530123630555
  },
  "lpips": {
    "mean": 0.21629754219202793,
    "std": 0.06193026556952142
  }
}