{
  "mode": "wan_ec_fixed_0.090",
  "baseline": "wan_ec_baseline",
  "num_videos": 33,
  "psnr": {
    "mean": 19.64465352223081,
    "std": 2.6713607766338776
  },
  "ssim": {
    "mean": 0.641903102681621,
    "std": 0.11462797372261303
  },
  "lpips": {
    "mean": 0.2232897567572863,
    "std": 0.05688290696583842
  }
}