{
  "mode": "wan_ec_fixed_0.060",
  "baseline": "wan_ec_baseline",
  "num_videos": 33,
  "psnr": {
    "mean": 20.554748502218647,
    "std": 3.0978182525668037
  },
  "ssim": {
    "mean": 0.6859686714931142,
    "std": 0.12808663998923756
  },
  "lpips": {
    "mean": 0.18917056579202737,
    "std": 0.06362795825581691
  }
}