{
  "mode": "wan_ec_fixed_0.250",
  "baseline": "wan_ec_baseline",
  "num_videos": 33,
  "psnr": {
    "mean": 18.25904897290441,
    "std": 2.112157726003621
  },
  "ssim": {
    "mean": 0.5479867714673753,
    "std": 0.11430081309048888
  },
  "lpips": {
    "mean": 0.30960436727262103,
    "std": 0.06796272294038062
  }
}