{
    "appearance_style": [
        0.21735339506172843,
        [
            {
                "video_path": "/nfs/oagrawal/wan/Wan2.1/dicache_results/videos/wan_dc_fixed_0.225/A beautiful coastal beach in spring, waves lapping on sand, Van Gogh style-0.mp4",
                "video_results": 0.20317129629629627,
                "frame_results": [
                    0.20515625,
                    0.20328125,
                    0.20234375,
                    0.21203125,
                    0.21109375,
                    0.20609375,
                    0.20515625,
                    0.20359375,
                    0.2046875,
                    0.19921875,
                    0.19515625,
                    0.19671875,
                    0.194375,
                    0.19484375,
                    0.20078125,
                    0.20125,
                    0.2053125,
                    0.19984375,
                    0.200625,
                    0.19859375,
                    0.19765625,
                    0.1996875,
                    0.200625,
                    0.1996875,
                    0.199375,
                    0.19765625,
                    0.20046875,
                    0.2003125,
                    0.20109375,
                    0.19890625,
                    0.19578125,
                    0.20046875,
                    0.199375,
                    0.19703125,
                    0.1965625,
                    0.19859375,
                    0.20140625,
                    0.2025,
                    0.205625,
                    0.20671875,
                    0.20671875,
                    0.20359375,
                    0.20296875,
                    0.19984375,
                    0.2,
                    0.199375,
                    0.19890625,
                    0.20078125,
                    0.2003125,
                    0.20125,
                    0.20375,
                    0.2021875,
                    0.20234375,
                    0.20203125,
                    0.19859375,
                    0.2009375,
                    0.2015625,
                    0.2046875,
                    0.20515625,
                    0.20265625,
                    0.20234375,
                    0.205,
                    0.2103125,
                    0.20984375,
                    0.21234375,
                    0.2090625,
                    0.21140625,
                    0.210625,
                    0.21015625,
                    0.20671875,
                    0.20984375,
                    0.21390625,
                    0.21359375,
                    0.21078125,
                    0.2053125,
                    0.21015625,
                    0.211875,
                    0.203125,
                    0.20609375,
                    0.20359375,
                    0.2034375
                ],
                "cur_sim": 0.2034375
            },
            {
                "video_path": "/nfs/oagrawal/wan/Wan2.1/dicache_results/videos/wan_dc_fixed_0.225/A beautiful coastal beach in spring, waves lapping on sand, oil painting-0.mp4",
                "video_results": 0.2222241512345679,
                "frame_results": [
                    0.22796875,
                    0.23390625,
                    0.22140625,
                    0.22375,
                    0.23125,
                    0.22234375,
                    0.221875,
                    0.21890625,
                    0.21609375,
                    0.2215625,
                    0.22140625,
                    0.225,
                    0.2240625,
                    0.22265625,
                    0.224375,
                    0.22125,
                    0.22328125,
                    0.21953125,
                    0.2165625,
                    0.21546875,
                    0.21671875,
                    0.221875,
                    0.21515625,
                    0.218125,
                    0.215625,
                    0.219375,
                    0.21765625,
                    0.21484375,
                    0.22,
                    0.21875,
                    0.2196875,
                    0.22046875,
                    0.21625,
                    0.219375,
                    0.22171875,
                    0.223125,
                    0.22953125,
                    0.2265625,
                    0.22734375,
                    0.22234375,
                    0.22453125,
                    0.22546875,
                    0.225625,
                    0.2290625,
                    0.22390625,
                    0.22109375,
                    0.22796875,
                    0.22453125,
                    0.225,
                    0.2209375,
                    0.21859375,
                    0.22,
                    0.23,
                    0.2221875,
                    0.22140625,
                    0.21875,
                    0.21875,
                    0.2225,
                    0.22828125,
                    0.21625,
                    0.22234375,
                    0.225625,
                    0.2309375,
                    0.23046875,
                    0.22875,
                    0.23296875,
                    0.22515625,
                    0.22828125,
                    0.2265625,
                    0.22984375,
                    0.219375,
                    0.218125,
                    0.21234375,
                    0.22078125,
                    0.21671875,
                    0.221875,
                    0.22875,
                    0.21984375,
                    0.215625,
                    0.215625,
                    0.208125
                ],
                "cur_sim": 0.208125
            },
            {
                "video_path": "/nfs/oagrawal/wan/Wan2.1/dicache_results/videos/wan_dc_fixed_0.225/A beautiful coastal beach in spring, waves lapping on sand by Hokusai, in the style of Ukiyo-0.mp4",
                "video_results": 0.226664737654321,