{
    "appearance_style": [
        0.20086193123721902,
        [
            {
                "video_path": "/nfs/oagrawal/mochi/vbench_eval/videos/mochi_adaptive_0.12_0.04/A beautiful coastal beach in spring, waves lapping on sand, Van Gogh style-0.mp4",
                "video_results": 0.18181652607361964,
                "frame_results": [
                    0.2125,
                    0.201875,
                    0.19703125,
                    0.1946875,
                    0.1921875,
                    0.19203125,
                    0.19140625,
                    0.19734375,
                    0.1953125,
                    0.19859375,
                    0.20109375,
                    0.200625,
                    0.19796875,
                    0.19515625,
                    0.19125,
                    0.19015625,
                    0.18375,
                    0.18578125,
                    0.185625,
                    0.18140625,
                    0.19015625,
                    0.186875,
                    0.19046875,
                    0.19234375,
                    0.18625,
                    0.17796875,
                    0.179375,
                    0.18140625,
                    0.17671875,
                    0.1778125,
                    0.1790625,
                    0.17921875,
                    0.1778125,
                    0.1771875,
                    0.1734375,
                    0.1715625,
                    0.171875,
                    0.16875,
                    0.1653125,
                    0.16875,
                    0.1715625,
                    0.16875,
                    0.169375,
                    0.17390625,
                    0.173125,
                    0.17515625,
                    0.17859375,
                    0.17890625,
                    0.18140625,
                    0.17640625,
                    0.17875,
                    0.18390625,
                    0.18390625,
                    0.18671875,
                    0.189375,
                    0.19078125,
                    0.19421875,
                    0.19375,
                    0.1896875,
                    0.19296875,
                    0.194375,
                    0.18140625,
                    0.1871875,
                    0.183125,
                    0.18921875,
                    0.18625,
                    0.18125,
                    0.18625,
                    0.1875,
                    0.18203125,
                    0.1871875,
                    0.18984375,
                    0.185625,
                    0.19015625,
                    0.19375,
                    0.19515625,
                    0.1909375,
                    0.193125,
                    0.18421875,
                    0.193125,
                    0.19546875,
                    0.18953125,
                    0.18859375,
                    0.18765625,
                    0.19140625,
                    0.18875,
                    0.185,
                    0.181875,
                    0.18171875,
                    0.17328125,
                    0.1725,
                    0.173125,
                    0.176875,
                    0.18171875,
                    0.18703125,
                    0.1809375,
                    0.185,
                    0.1803125,
                    0.1721875,
                    0.1721875,
                    0.17125,
                    0.180625,
                    0.17140625,
                    0.1746875,
                    0.1753125,
                    0.17953125,
                    0.17921875,
                    0.1796875,
                    0.17984375,
                    0.18046875,
                    0.17828125,
                    0.1778125,
                    0.17734375,
                    0.1753125,
                    0.17578125,
                    0.1784375,
                    0.178125,
                    0.1775,
                    0.1725,
                    0.17,
                    0.1725,
                    0.17140625,
                    0.17390625,
                    0.1746875,
                    0.1759375,
                    0.1796875,
                    0.1778125,
                    0.1771875,
                    0.1765625,
                    0.1746875,
                    0.17546875,
                    0.17265625,
                    0.17046875,
                    0.16703125,
                    0.17328125,
                    0.1771875,
                    0.16875,
                    0.1678125,
                    0.17015625,
                    0.1734375,
                    0.173125,
                    0.171875,
                    0.16671875,
                    0.17125,
                    0.16671875,
                    0.17609375,
                    0.1778125,
                    0.18578125,
                    0.17609375,
                    0.17546875,
                    0.17796875,
                    0.18625,
                    0.17921875,
                    0.1775,
                    0.1784375,
                    0.179375,
                    0.1840625,
                    0.18375,
                    0.19,
                    0.1890625,
                    0.18984375,
                    0.19109375,
                    0.18859375
                ],
                "cur_sim": 0.18859375
            },
            {
                "video_path": "/nfs/oagrawal/mochi/vbench_eval/videos/mochi_adaptive_0.12_0.04/A beautiful coastal beach in spring, waves lapping on sand, oil painting-0.mp4",
                "video_results": 0.25198236196319024,