{
    "appearance_style": [
        0.19361111111111118,
        [
            {
                "video_path": "/nfs/oagrawal/wan/Wan2.1/vbench_eval_easycache/videos/wan_ec_adaptive_16_050_020/A beautiful coastal beach in spring, waves lapping on sand, Van Gogh style-0.mp4",
                "video_results": 0.17067515432098762,
                "frame_results": [
                    0.16796875,
                    0.16984375,
                    0.17046875,
                    0.1728125,
                    0.16921875,
                    0.169375,
                    0.168125,
                    0.1703125,
                    0.16859375,
                    0.1671875,
                    0.165,
                    0.16671875,
                    0.16875,
                    0.166875,
                    0.16625,
                    0.16765625,
                    0.16625,
                    0.16609375,
                    0.16515625,
                    0.165,
                    0.165,
                    0.16703125,
                    0.1640625,
                    0.16484375,
                    0.16296875,
                    0.16296875,
                    0.16359375,
                    0.16296875,
                    0.16421875,
                    0.16421875,
                    0.16609375,
                    0.17015625,
                    0.16921875,
                    0.16921875,
                    0.16859375,
                    0.16859375,
                    0.16703125,
                    0.16796875,
                    0.17078125,
                    0.171875,
                    0.170625,
                    0.17171875,
                    0.1725,
                    0.17421875,
                    0.17375,
                    0.17625,
                    0.17328125,
                    0.174375,
                    0.1734375,
                    0.174375,
                    0.171875,
                    0.17203125,
                    0.1715625,
                    0.16828125,
                    0.1678125,
                    0.16890625,
                    0.17,
                    0.1703125,
                    0.1709375,
                    0.1728125,
                    0.17453125,
                    0.175625,
                    0.1759375,
                    0.17703125,
                    0.17734375,
                    0.17921875,
                    0.1775,
                    0.17765625,
                    0.17421875,
                    0.175625,
                    0.17765625,
                    0.17359375,
                    0.17375,
                    0.1746875,
                    0.17453125,
                    0.17515625,
                    0.17390625,
                    0.1771875,
                    0.17546875,
                    0.1775,
                    0.1784375
                ],
                "cur_sim": 0.1784375
            },
            {
                "video_path": "/nfs/oagrawal/wan/Wan2.1/vbench_eval_easycache/videos/wan_ec_adaptive_16_050_020/A beautiful coastal beach in spring, waves lapping on sand, oil painting-0.mp4",
                "video_results": 0.215318287037037,
                "frame_results": [
                    0.20359375,
                    0.20203125,
                    0.20375,
                    0.20390625,
                    0.2059375,
                    0.20828125,
                    0.2034375,
                    0.2034375,
                    0.20546875,
                    0.2065625,
                    0.20890625,
                    0.20859375,
                    0.21171875,
                    0.2071875,
                    0.20234375,
                    0.20390625,
                    0.20171875,
                    0.20921875,
                    0.209375,
                    0.21109375,
                    0.21578125,
                    0.20359375,
                    0.2078125,
                    0.21046875,
                    0.215,
                    0.21671875,
                    0.21375,
                    0.2065625,
                    0.2196875,
                    0.2084375,
                    0.2075,
                    0.21671875,
                    0.21328125,
                    0.21140625,
                    0.2084375,
                    0.21421875,
                    0.21734375,
                    0.21625,
                    0.21765625,
                    0.2171875,
                    0.2234375,
                    0.21953125,
                    0.2190625,
                    0.2159375,
                    0.219375,
                    0.213125,
                    0.2225,
                    0.219375,
                    0.2253125,
                    0.22703125,
                    0.22828125,
                    0.231875,
                    0.22,
                    0.2075,
                    0.20953125,
                    0.21109375,
                    0.21109375,
                    0.2046875,
                    0.21203125,
                    0.21015625,
                    0.21375,
                    0.2121875,
                    0.22328125,
                    0.22109375,
                    0.21234375,
                    0.21875,
                    0.21828125,
                    0.22078125,
                    0.21890625,
                    0.24578125,
                    0.243125,
                    0.23390625,
                    0.2246875,
                    0.23078125,
                    0.226875,
                    0.2290625,
                    0.22046875,
                    0.24765625,
                    0.22359375,
                    0.21390625,
                    0.21234375
                ],
                "cur_sim": 0.21234375
            },
            {
                "video_path": "/nfs/oagrawal/wan/Wan2.1/vbench_eval_easycache/videos/wan_ec_adaptive_16_050_020/A beautiful coastal beach in spring, waves lapping on sand by Hokusai, in the style of Ukiyo-0.mp4",
                "video_results": 0.19483989197530863,