{
    "appearance_style": [
        0.2184998713991768,
        [
            {
                "video_path": "/nfs/oagrawal/wan/Wan2.1/dicache_results/videos/wan_dc_adaptive_hi0.225_lo0.10/A beautiful coastal beach in spring, waves lapping on sand, Van Gogh style-0.mp4",
                "video_results": 0.191826774691358,
                "frame_results": [
                    0.18328125,
                    0.18375,
                    0.1840625,
                    0.185625,
                    0.185625,
                    0.1884375,
                    0.18828125,
                    0.18875,
                    0.189375,
                    0.1890625,
                    0.189375,
                    0.1915625,
                    0.1915625,
                    0.1909375,
                    0.1903125,
                    0.19078125,
                    0.19125,
                    0.190625,
                    0.19125,
                    0.19296875,
                    0.19296875,
                    0.19375,
                    0.193125,
                    0.1946875,
                    0.1953125,
                    0.19328125,
                    0.191875,
                    0.1909375,
                    0.18875,
                    0.18921875,
                    0.190625,
                    0.1903125,
                    0.1878125,
                    0.19015625,
                    0.1909375,
                    0.19,
                    0.1884375,
                    0.1896875,
                    0.191875,
                    0.1915625,
                    0.1884375,
                    0.19125,
                    0.191875,
                    0.19234375,
                    0.1915625,
                    0.19625,
                    0.19328125,
                    0.195,
                    0.19265625,
                    0.19046875,
                    0.19125,
                    0.193125,
                    0.191875,
                    0.19296875,
                    0.194375,
                    0.1946875,
                    0.1934375,
                    0.19265625,
                    0.195,
                    0.194375,
                    0.19359375,
                    0.19390625,
                    0.19375,
                    0.19421875,
                    0.19359375,
                    0.1946875,
                    0.19453125,
                    0.1946875,
                    0.19375,
                    0.19484375,
                    0.19296875,
                    0.195625,
                    0.19515625,
                    0.195625,
                    0.19546875,
                    0.19390625,
                    0.19234375,
                    0.1934375,
                    0.19296875,
                    0.1946875,
                    0.19515625
                ],
                "cur_sim": 0.19515625
            },
            {
                "video_path": "/nfs/oagrawal/wan/Wan2.1/dicache_results/videos/wan_dc_adaptive_hi0.225_lo0.10/A beautiful coastal beach in spring, waves lapping on sand, oil painting-0.mp4",
                "video_results": 0.22083333333333338,
                "frame_results": [
                    0.22234375,
                    0.2190625,
                    0.219375,
                    0.2178125,
                    0.22203125,
                    0.22046875,
                    0.2178125,
                    0.21921875,
                    0.2215625,
                    0.21796875,
                    0.2196875,
                    0.21625,
                    0.22265625,
                    0.22171875,
                    0.2221875,
                    0.2184375,
                    0.21796875,
                    0.2159375,
                    0.21640625,
                    0.2196875,
                    0.22140625,
                    0.21828125,
                    0.2196875,
                    0.216875,
                    0.221875,
                    0.2221875,
                    0.2240625,
                    0.220625,
                    0.2175,
                    0.2225,
                    0.2221875,
                    0.2215625,
                    0.21921875,
                    0.22109375,
                    0.22625,
                    0.22421875,
                    0.22296875,
                    0.221875,
                    0.22109375,
                    0.22125,
                    0.22359375,
                    0.22125,
                    0.2178125,
                    0.21734375,
                    0.22234375,
                    0.2215625,
                    0.2225,
                    0.22515625,
                    0.22609375,
                    0.2265625,
                    0.22453125,
                    0.219375,
                    0.22140625,
                    0.21859375,
                    0.21984375,
                    0.22015625,
                    0.2171875,
                    0.22015625,
                    0.216875,
                    0.21703125,
                    0.22015625,
                    0.2234375,
                    0.21828125,
                    0.21765625,
                    0.22046875,
                    0.22203125,
                    0.22625,
                    0.22015625,
                    0.22,
                    0.22421875,
                    0.2253125,
                    0.22328125,
                    0.21796875,
                    0.21671875,
                    0.2196875,
                    0.2221875,
                    0.2153125,
                    0.2271875,
                    0.225,
                    0.22390625,
                    0.22359375
                ],
                "cur_sim": 0.22359375
            },
            {
                "video_path": "/nfs/oagrawal/wan/Wan2.1/dicache_results/videos/wan_dc_adaptive_hi0.225_lo0.10/A beautiful coastal beach in spring, waves lapping on sand by Hokusai, in the style of Ukiyo-0.mp4",
                "video_results": 0.24283950617283953,