{
    "appearance_style": [
        0.1922119341563785,
        [
            {
                "video_path": "/nfs/oagrawal/wan/Wan2.1/vbench_eval/videos/wan_fixed_0.1/A beautiful coastal beach in spring, waves lapping on sand, Van Gogh style-0.mp4",
                "video_results": 0.1710011574074074,
                "frame_results": [
                    0.17078125,
                    0.170625,
                    0.1703125,
                    0.17171875,
                    0.17140625,
                    0.17,
                    0.170625,
                    0.17125,
                    0.1715625,
                    0.170625,
                    0.16921875,
                    0.1684375,
                    0.170625,
                    0.17078125,
                    0.1696875,
                    0.169375,
                    0.16765625,
                    0.1665625,
                    0.16546875,
                    0.16546875,
                    0.16796875,
                    0.1675,
                    0.16875,
                    0.16765625,
                    0.16609375,
                    0.16546875,
                    0.16625,
                    0.166875,
                    0.16515625,
                    0.1675,
                    0.16859375,
                    0.1696875,
                    0.16953125,
                    0.16890625,
                    0.16796875,
                    0.16796875,
                    0.16875,
                    0.16828125,
                    0.170625,
                    0.171875,
                    0.1709375,
                    0.17078125,
                    0.17234375,
                    0.17265625,
                    0.17359375,
                    0.17265625,
                    0.17515625,
                    0.1734375,
                    0.1721875,
                    0.1709375,
                    0.17046875,
                    0.17125,
                    0.17109375,
                    0.1709375,
                    0.1728125,
                    0.17265625,
                    0.17265625,
                    0.16984375,
                    0.17046875,
                    0.1709375,
                    0.1709375,
                    0.17125,
                    0.17296875,
                    0.1725,
                    0.1715625,
                    0.17421875,
                    0.17515625,
                    0.17515625,
                    0.1740625,
                    0.17375,
                    0.1753125,
                    0.1765625,
                    0.17453125,
                    0.173125,
                    0.17359375,
                    0.17625,
                    0.17546875,
                    0.1759375,
                    0.17546875,
                    0.175625,
                    0.17625
                ],
                "cur_sim": 0.17625
            },
            {
                "video_path": "/nfs/oagrawal/wan/Wan2.1/vbench_eval/videos/wan_fixed_0.1/A beautiful coastal beach in spring, waves lapping on sand, oil painting-0.mp4",
                "video_results": 0.21567129629629628,
                "frame_results": [
                    0.21875,
                    0.2171875,
                    0.20984375,
                    0.20828125,
                    0.21109375,
                    0.21390625,
                    0.21390625,
                    0.21140625,
                    0.2125,
                    0.225,
                    0.22203125,
                    0.2109375,
                    0.21046875,
                    0.2109375,
                    0.201875,
                    0.20015625,
                    0.20390625,
                    0.20859375,
                    0.20671875,
                    0.20484375,
                    0.2075,
                    0.19921875,
                    0.2075,
                    0.20734375,
                    0.200625,
                    0.21171875,
                    0.20859375,
                    0.20984375,
                    0.20875,
                    0.2059375,
                    0.20625,
                    0.2046875,
                    0.2128125,
                    0.20515625,
                    0.20875,
                    0.21265625,
                    0.2178125,
                    0.21578125,
                    0.20921875,
                    0.208125,
                    0.20671875,
                    0.215,
                    0.2134375,
                    0.21078125,
                    0.21953125,
                    0.21484375,
                    0.2203125,
                    0.213125,
                    0.22140625,
                    0.219375,
                    0.22875,
                    0.225625,
                    0.2215625,
                    0.2225,
                    0.2234375,
                    0.21625,
                    0.2196875,
                    0.22078125,
                    0.22125,
                    0.22359375,
                    0.22265625,
                    0.22109375,
                    0.22015625,
                    0.22140625,
                    0.2278125,
                    0.231875,
                    0.2221875,
                    0.22015625,
                    0.2196875,
                    0.22171875,
                    0.234375,
                    0.21796875,
                    0.2096875,
                    0.229375,
                    0.21375,
                    0.2325,
                    0.2209375,
                    0.2390625,
                    0.23703125,
                    0.21890625,
                    0.2184375
                ],
                "cur_sim": 0.2184375
            },
            {
                "video_path": "/nfs/oagrawal/wan/Wan2.1/vbench_eval/videos/wan_fixed_0.1/A beautiful coastal beach in spring, waves lapping on sand by Hokusai, in the style of Ukiyo-0.mp4",
                "video_results": 0.18996334876543208,