{
  "mochi_diff_baseline": {
    "vbench_raw": {
      "subject_consistency": 0.9257271494026538,
      "scene": 0.1875,
      "human_action": 0.6666666666666666,
      "spatial_relationship": 0.4097986344505286,
      "appearance_style": 0.1994516871165646,
      "background_consistency": 0.9412992500964507,
      "color": 1.0,
      "imaging_quality": 0.6739701934533616,
      "dynamic_degree": 0.6666666666666666,
      "temporal_flickering": 0.9951498651231816,
      "aesthetic_quality": 0.6466372807820638,
      "temporal_style": 0.22216499845186868,
      "multiple_objects": 0.4583333333333333,
      "overall_consistency": 0.25249608357747394,
      "object_class": 0.7916666666666666,
      "motion_smoothness": 0.9876810230240672
    },
    "vbench_quality_score": 0.8370300605039426,
    "vbench_semantic_score": 0.6173530792690473,
    "vbench_total_score": 0.7930946642569635,
    "timing": {
      "avg_time": 2112.578787878788,
      "total_time": 69715.09999999999,
      "num_videos": 33
    }
  },
  "mochi_fixed_0.04": {
    "vbench_raw": {
      "subject_consistency": 0.9289305276954125,
      "scene": 0.125,
      "human_action": 0.6666666666666666,
      "spatial_relationship": 0.5962035325595669,
      "appearance_style": 0.19961688394683033,
      "background_consistency": 0.945287884998714,
      "color": 1.0,
      "imaging_quality": 0.6700228442638685,
      "dynamic_degree": 0.6666666666666666,
      "temporal_flickering": 0.9945640618505042,
      "aesthetic_quality": 0.6270636320114136,
      "temporal_style": 0.21715954939524332,
      "multiple_objects": 0.5,
      "overall_consistency": 0.24564162890116373,
      "object_class": 0.8958333333333334,
      "motion_smoothness": 0.9885198497778299
    },
    "vbench_quality_score": 0.8350191779923879,
    "vbench_semantic_score": 0.642266519603818,
    "vbench_total_score": 0.796468646314674,
    "fidelity": {
      "mode": "mochi_fixed_0.04",
      "baseline": "mochi_diff_baseline",
      "num_videos": 33,
      "psnr": {
        "mean": 21.623163989907713,
        "std": 4.5029151558632226
      },
      "ssim": {
        "mean": 0.7856674336689176,
        "std": 0.12129454790903411
      },
      "lpips": {
        "mean": 0.22532581493741888,
        "std": 0.12867917160293466
      }
    },
    "timing": {
      "avg_time": 1667.445454545454,
      "total_time": 55025.69999999998,
      "num_videos": 33
    }
  },
  "mochi_fixed_0.12": {
    "vbench_raw": {
      "subject_consistency": 0.9306428328831009,
      "scene": 0.3333333333333333,
      "human_action": 0.6666666666666666,
      "spatial_relationship": 0.21591647362179325,
      "appearance_style": 0.2013669478527607,
      "background_consistency": 0.9570377805105452,
      "color": 1.0,
      "imaging_quality": 0.5188586928166738,
      "dynamic_degree": 0.6666666666666666,
      "temporal_flickering": 0.9966631689492393,
      "aesthetic_quality": 0.5779170393943787,
      "temporal_style": 0.2246586779753367,
      "multiple_objects": 0.6666666666666666,
      "overall_consistency": 0.260406494140625,
      "object_class": 0.6666666666666666,
      "motion_smoothness": 0.9910834057139174
    },
    "vbench_quality_score": 0.8091825879101756,
    "vbench_semantic_score": 0.6287012075424904,
    "vbench_total_score": 0.7730863118366386,
    "fidelity": {
      "mode": "mochi_fixed_0.12",
      "baseline": "mochi_diff_baseline",
      "num_videos": 33,
      "psnr": {
        "mean": 17.53301697023885,
        "std": 3.2461618194507595
      },
      "ssim": {
        "mean": 0.6977358406196167,
        "std": 0.1273718451125062
      },
      "lpips": {
        "mean": 0.35470729670985124,
        "std": 0.13449471732619336
      }
    },
    "timing": {
      "avg_time": 865.3272727272728,
      "total_time": 28555.800000000003,
      "num_videos": 33
    }
  },
  "mochi_adaptive_0.12_0.04": {
    "vbench_raw": {
      "subject_consistency": 0.9204104121452497,
      "scene": 0.3958333333333333,
      "human_action": 0.6666666666666666,
      "spatial_relationship": 0.34303202151376716,
      "appearance_style": 0.20086193123721902,
      "background_consistency": 0.9634994695216049,
      "color": 1.0,
      "imaging_quality": 0.5844253153108624,
      "dynamic_degree": 0.6666666666666666,
      "temporal_flickering": 0.9963125797658186,
      "aesthetic_quality": 0.6069561441739401,
      "temporal_style": 0.22498096028963724,
      "multiple_objects": 0.875,
      "overall_consistency": 0.2513757348060608,
      "object_class": 0.8333333333333334,
      "motion_smoothness": 0.9898561426772291
    },
    "vbench_quality_score": 0.8224464336891246,
    "vbench_semantic_score": 0.6900825686359318,
    "vbench_total_score": 0.795973660678486,
    "fidelity": {
      "mode": "mochi_adaptive_0.12_0.04",
      "baseline": "mochi_diff_baseline",
      "num_videos": 33,
      "psnr": {
        "mean": 17.673449180624765,
        "std": 3.690860979365621
      },
      "ssim": {
        "mean": 0.6960107067180491,
        "std": 0.13487711295581833
      },
      "lpips": {
        "mean": 0.34557538693568196,
        "std": 0.14374319717466247
      }
    },
    "timing": {
      "avg_time": 1479.3727272727274,
      "total_time": 48819.3,
      "num_videos": 33
    }
  },
  "mochi_adaptive_f34s14l16": {
    "vbench_raw": {
      "subject_consistency": 0.9213554314625116,
      "scene": 0.3958333333333333,
      "human_action": 0.6666666666666666,
      "spatial_relationship": 0.40864876133457423,
      "appearance_style": 0.2011705968813906,
      "background_consistency": 0.961109805009002,
      "color": 1.0,
      "imaging_quality": 0.5746061309471208,
      "dynamic_degree": 0.6666666666666666,
      "temporal_flickering": 0.9964213832920672,
      "aesthetic_quality": 0.6076334913571676,
      "temporal_style": 0.2258645792802175,
      "multiple_objects": 0.8958333333333334,
      "overall_consistency": 0.251453697681427,
      "object_class": 0.8958333333333334,
      "motion_smoothness": 0.9902125375869435
    },
    "vbench_quality_score": 0.8209457104399489,
    "vbench_semantic_score": 0.7070466065374723,
    "vbench_total_score": 0.7981658896594536,
    "fidelity": {
      "mode": "mochi_adaptive_f34s14l16",
      "baseline": "mochi_diff_baseline",
      "num_videos": 33,
      "psnr": {
        "mean": 17.68694069660695,
        "std": 3.6633816637712115
      },
      "ssim": {
        "mean": 0.6977244572652177,
        "std": 0.13295645794573924
      },
      "lpips": {
        "mean": 0.3455412077580182,
        "std": 0.14382270843505776
      }
    },
    "timing": {
      "avg_time": 1059.3575757575757,
      "total_time": 34958.799999999996,
      "num_videos": 33
    }
  }
}