{
    "appearance_style": [
        0.19243569958847723,
        [
            {
                "video_path": "/nfs/oagrawal/wan/Wan2.1/vbench_eval_easycache/videos/wan_ec_fixed_0.080/A beautiful coastal beach in spring, waves lapping on sand, Van Gogh style-0.mp4",
                "video_results": 0.17107060185185186,
                "frame_results": [
                    0.1659375,
                    0.1696875,
                    0.16828125,
                    0.17265625,
                    0.17,
                    0.16984375,
                    0.169375,
                    0.17078125,
                    0.1709375,
                    0.16765625,
                    0.16625,
                    0.16859375,
                    0.16921875,
                    0.1703125,
                    0.16828125,
                    0.16953125,
                    0.16671875,
                    0.1653125,
                    0.16625,
                    0.16640625,
                    0.16796875,
                    0.1671875,
                    0.16953125,
                    0.16890625,
                    0.1696875,
                    0.16828125,
                    0.1640625,
                    0.1625,
                    0.16390625,
                    0.16703125,
                    0.16671875,
                    0.1684375,
                    0.1678125,
                    0.17078125,
                    0.17078125,
                    0.17078125,
                    0.1703125,
                    0.1690625,
                    0.1709375,
                    0.17046875,
                    0.16953125,
                    0.16859375,
                    0.17046875,
                    0.1703125,
                    0.1703125,
                    0.174375,
                    0.176875,
                    0.17703125,
                    0.17453125,
                    0.17609375,
                    0.17125,
                    0.17234375,
                    0.17046875,
                    0.17203125,
                    0.17109375,
                    0.17375,
                    0.17421875,
                    0.1721875,
                    0.17203125,
                    0.1715625,
                    0.17328125,
                    0.17328125,
                    0.1746875,
                    0.17546875,
                    0.17453125,
                    0.1746875,
                    0.175,
                    0.17375,
                    0.17328125,
                    0.17578125,
                    0.1740625,
                    0.17328125,
                    0.175,
                    0.1765625,
                    0.17203125,
                    0.174375,
                    0.17328125,
                    0.176875,
                    0.17515625,
                    0.17734375,
                    0.17875
                ],
                "cur_sim": 0.17875
            },
            {
                "video_path": "/nfs/oagrawal/wan/Wan2.1/vbench_eval_easycache/videos/wan_ec_fixed_0.080/A beautiful coastal beach in spring, waves lapping on sand, oil painting-0.mp4",
                "video_results": 0.2118827160493827,
                "frame_results": [
                    0.19953125,
                    0.200625,
                    0.2075,
                    0.21421875,
                    0.21234375,
                    0.2015625,
                    0.20625,
                    0.20109375,
                    0.2021875,
                    0.2009375,
                    0.20625,
                    0.20265625,
                    0.20234375,
                    0.20703125,
                    0.20484375,
                    0.20703125,
                    0.206875,
                    0.20203125,
                    0.20453125,
                    0.205,
                    0.2084375,
                    0.201875,
                    0.20765625,
                    0.20609375,
                    0.205,
                    0.2115625,
                    0.20859375,
                    0.20765625,
                    0.20203125,
                    0.2075,
                    0.203125,
                    0.21359375,
                    0.210625,
                    0.2075,
                    0.21671875,
                    0.21671875,
                    0.2109375,
                    0.21328125,
                    0.21140625,
                    0.21171875,
                    0.2109375,
                    0.21359375,
                    0.2109375,
                    0.2071875,
                    0.2078125,
                    0.21875,
                    0.221875,
                    0.2225,
                    0.21953125,
                    0.215625,
                    0.2265625,
                    0.2321875,
                    0.22140625,
                    0.21078125,
                    0.216875,
                    0.2128125,
                    0.21203125,
                    0.2096875,
                    0.21734375,
                    0.21078125,
                    0.2128125,
                    0.21015625,
                    0.21984375,
                    0.21828125,
                    0.21859375,
                    0.22046875,
                    0.21296875,
                    0.21015625,
                    0.21515625,
                    0.24359375,
                    0.23421875,
                    0.22375,
                    0.21609375,
                    0.2140625,
                    0.20875,
                    0.21296875,
                    0.21015625,
                    0.2175,
                    0.22125,
                    0.21,
                    0.215625
                ],
                "cur_sim": 0.215625
            },
            {
                "video_path": "/nfs/oagrawal/wan/Wan2.1/vbench_eval_easycache/videos/wan_ec_fixed_0.080/A beautiful coastal beach in spring, waves lapping on sand by Hokusai, in the style of Ukiyo-0.mp4",
                "video_results": 0.19435378086419752,