{
    "appearance_style": [
        0.19337255658436225,
        [
            {
                "video_path": "/nfs/oagrawal/wan/Wan2.1/vbench_eval_easycache/videos/wan_ec_fixed_0.090/A beautiful coastal beach in spring, waves lapping on sand, Van Gogh style-0.mp4",
                "video_results": 0.17107060185185186,
                "frame_results": [
                    0.1659375,
                    0.1696875,
                    0.16828125,
                    0.17265625,
                    0.17,
                    0.16984375,
                    0.169375,
                    0.17078125,
                    0.1709375,
                    0.16765625,
                    0.16625,
                    0.16859375,
                    0.16921875,
                    0.1703125,
                    0.16828125,
                    0.16953125,
                    0.16671875,
                    0.1653125,
                    0.16625,
                    0.16640625,
                    0.16796875,
                    0.1671875,
                    0.16953125,
                    0.16890625,
                    0.1696875,
                    0.16828125,
                    0.1640625,
                    0.1625,
                    0.16390625,
                    0.16703125,
                    0.16671875,
                    0.1684375,
                    0.1678125,
                    0.17078125,
                    0.17078125,
                    0.17078125,
                    0.1703125,
                    0.1690625,
                    0.1709375,
                    0.17046875,
                    0.16953125,
                    0.16859375,
                    0.17046875,
                    0.1703125,
                    0.1703125,
                    0.174375,
                    0.176875,
                    0.17703125,
                    0.17453125,
                    0.17609375,
                    0.17125,
                    0.17234375,
                    0.17046875,
                    0.17203125,
                    0.17109375,
                    0.17375,
                    0.17421875,
                    0.1721875,
                    0.17203125,
                    0.1715625,
                    0.17328125,
                    0.17328125,
                    0.1746875,
                    0.17546875,
                    0.17453125,
                    0.1746875,
                    0.175,
                    0.17375,
                    0.17328125,
                    0.17578125,
                    0.1740625,
                    0.17328125,
                    0.175,
                    0.1765625,
                    0.17203125,
                    0.174375,
                    0.17328125,
                    0.176875,
                    0.17515625,
                    0.17734375,
                    0.17875
                ],
                "cur_sim": 0.17875
            },
            {
                "video_path": "/nfs/oagrawal/wan/Wan2.1/vbench_eval_easycache/videos/wan_ec_fixed_0.090/A beautiful coastal beach in spring, waves lapping on sand, oil painting-0.mp4",
                "video_results": 0.2139583333333333,
                "frame_results": [
                    0.20734375,
                    0.2065625,
                    0.21296875,
                    0.21359375,
                    0.21,
                    0.20703125,
                    0.2075,
                    0.204375,
                    0.2040625,
                    0.20921875,
                    0.20671875,
                    0.20359375,
                    0.20578125,
                    0.21109375,
                    0.20296875,
                    0.20625,
                    0.21171875,
                    0.20421875,
                    0.20828125,
                    0.20640625,
                    0.2040625,
                    0.205,
                    0.210625,
                    0.20984375,
                    0.2115625,
                    0.21015625,
                    0.2159375,
                    0.20484375,
                    0.21,
                    0.2078125,
                    0.21171875,
                    0.204375,
                    0.20625,
                    0.2090625,
                    0.2234375,
                    0.21375,
                    0.2128125,
                    0.2153125,
                    0.21484375,
                    0.211875,
                    0.2228125,
                    0.21078125,
                    0.214375,
                    0.2084375,
                    0.20640625,
                    0.21453125,
                    0.22109375,
                    0.21859375,
                    0.22765625,
                    0.23234375,
                    0.23390625,
                    0.22921875,
                    0.22203125,
                    0.2071875,
                    0.2125,
                    0.208125,
                    0.2078125,
                    0.21484375,
                    0.2140625,
                    0.2125,
                    0.21671875,
                    0.21109375,
                    0.2071875,
                    0.21484375,
                    0.22171875,
                    0.214375,
                    0.21515625,
                    0.21828125,
                    0.21171875,
                    0.2375,
                    0.23765625,
                    0.24296875,
                    0.21828125,
                    0.2234375,
                    0.2103125,
                    0.22796875,
                    0.2115625,
                    0.23484375,
                    0.22625,
                    0.21625,
                    0.2103125
                ],
                "cur_sim": 0.2103125
            },
            {
                "video_path": "/nfs/oagrawal/wan/Wan2.1/vbench_eval_easycache/videos/wan_ec_fixed_0.090/A beautiful coastal beach in spring, waves lapping on sand by Hokusai, in the style of Ukiyo-0.mp4",
                "video_results": 0.19508873456790124,