{
    "appearance_style": [
        0.22983217592592595,
        [
            {
                "video_path": "/nfs/oagrawal/wan/Wan2.1/dicache_results/videos/wan_dc_adaptive_hi0.25_lo0.05/A beautiful coastal beach in spring, waves lapping on sand, Van Gogh style-0.mp4",
                "video_results": 0.23618634259259258,
                "frame_results": [
                    0.23421875,
                    0.233125,
                    0.23328125,
                    0.231875,
                    0.233125,
                    0.2346875,
                    0.22625,
                    0.2265625,
                    0.22609375,
                    0.2328125,
                    0.23,
                    0.2303125,
                    0.23109375,
                    0.22796875,
                    0.2275,
                    0.22953125,
                    0.22953125,
                    0.2315625,
                    0.226875,
                    0.22765625,
                    0.22640625,
                    0.22671875,
                    0.2284375,
                    0.23,
                    0.2315625,
                    0.2353125,
                    0.23734375,
                    0.24140625,
                    0.2396875,
                    0.2409375,
                    0.2421875,
                    0.24203125,
                    0.24296875,
                    0.24140625,
                    0.24015625,
                    0.240625,
                    0.2396875,
                    0.2325,
                    0.233125,
                    0.238125,
                    0.236875,
                    0.2346875,
                    0.2409375,
                    0.2384375,
                    0.2425,
                    0.236875,
                    0.23515625,
                    0.23765625,
                    0.24140625,
                    0.2425,
                    0.24328125,
                    0.2415625,
                    0.24,
                    0.2359375,
                    0.239375,
                    0.2384375,
                    0.24203125,
                    0.24515625,
                    0.2478125,
                    0.246875,
                    0.24625,
                    0.24875,
                    0.245,
                    0.2446875,
                    0.24328125,
                    0.24484375,
                    0.2384375,
                    0.2415625,
                    0.2409375,
                    0.241875,
                    0.2415625,
                    0.23984375,
                    0.23546875,
                    0.234375,
                    0.230625,
                    0.2271875,
                    0.23140625,
                    0.2340625,
                    0.22796875,
                    0.226875,
                    0.22390625
                ],
                "cur_sim": 0.22390625
            },
            {
                "video_path": "/nfs/oagrawal/wan/Wan2.1/dicache_results/videos/wan_dc_adaptive_hi0.25_lo0.05/A beautiful coastal beach in spring, waves lapping on sand, oil painting-0.mp4",
                "video_results": 0.23500192901234562,
                "frame_results": [
                    0.24203125,
                    0.2253125,
                    0.22359375,
                    0.2296875,
                    0.22515625,
                    0.21953125,
                    0.2221875,
                    0.22109375,
                    0.2196875,
                    0.2271875,
                    0.21953125,
                    0.2203125,
                    0.22859375,
                    0.2234375,
                    0.2259375,
                    0.23015625,
                    0.22875,
                    0.22203125,
                    0.2290625,
                    0.21984375,
                    0.22515625,
                    0.22171875,
                    0.22203125,
                    0.21734375,
                    0.22046875,
                    0.2278125,
                    0.22625,
                    0.2271875,
                    0.2196875,
                    0.23,
                    0.2271875,
                    0.22796875,
                    0.22203125,
                    0.22453125,
                    0.2246875,
                    0.22109375,
                    0.2240625,
                    0.2296875,
                    0.2271875,
                    0.223125,
                    0.22953125,
                    0.230625,
                    0.236875,
                    0.2384375,
                    0.23984375,
                    0.2403125,
                    0.2384375,
                    0.2384375,
                    0.2396875,
                    0.24328125,
                    0.249375,
                    0.24109375,
                    0.24484375,
                    0.23796875,
                    0.25265625,
                    0.24796875,
                    0.25265625,
                    0.24953125,
                    0.2540625,
                    0.246875,
                    0.24921875,
                    0.24546875,
                    0.24953125,
                    0.2515625,
                    0.24859375,
                    0.2521875,
                    0.2503125,
                    0.24390625,
                    0.23890625,
                    0.25203125,
                    0.25296875,
                    0.253125,
                    0.25359375,
                    0.249375,
                    0.24921875,
                    0.248125,
                    0.24546875,
                    0.2384375,
                    0.2403125,
                    0.23890625,
                    0.2390625
                ],
                "cur_sim": 0.2390625
            },
            {
                "video_path": "/nfs/oagrawal/wan/Wan2.1/dicache_results/videos/wan_dc_adaptive_hi0.25_lo0.05/A beautiful coastal beach in spring, waves lapping on sand by Hokusai, in the style of Ukiyo-0.mp4",
                "video_results": 0.21830825617283947,