{
    "appearance_style": [
        0.1994516871165646,
        [
            {
                "video_path": "/nfs/oagrawal/mochi/vbench_eval/videos/mochi_diff_baseline/A beautiful coastal beach in spring, waves lapping on sand, Van Gogh style-0.mp4",
                "video_results": 0.1853211273006135,
                "frame_results": [
                    0.21828125,
                    0.21640625,
                    0.2140625,
                    0.2046875,
                    0.2090625,
                    0.20546875,
                    0.2053125,
                    0.2046875,
                    0.20359375,
                    0.20453125,
                    0.20484375,
                    0.20640625,
                    0.20578125,
                    0.20109375,
                    0.2025,
                    0.198125,
                    0.19359375,
                    0.19734375,
                    0.18796875,
                    0.189375,
                    0.1859375,
                    0.1815625,
                    0.179375,
                    0.1771875,
                    0.176875,
                    0.17578125,
                    0.17578125,
                    0.1765625,
                    0.18109375,
                    0.180625,
                    0.18203125,
                    0.18078125,
                    0.18296875,
                    0.184375,
                    0.18828125,
                    0.18453125,
                    0.1834375,
                    0.17703125,
                    0.1825,
                    0.18234375,
                    0.1803125,
                    0.18015625,
                    0.180625,
                    0.175625,
                    0.18265625,
                    0.1821875,
                    0.18515625,
                    0.18359375,
                    0.18328125,
                    0.18109375,
                    0.1840625,
                    0.18828125,
                    0.1875,
                    0.18546875,
                    0.185625,
                    0.1865625,
                    0.1825,
                    0.18078125,
                    0.1828125,
                    0.18359375,
                    0.18640625,
                    0.18078125,
                    0.18046875,
                    0.1803125,
                    0.17859375,
                    0.179375,
                    0.18203125,
                    0.1834375,
                    0.185625,
                    0.180625,
                    0.18125,
                    0.1828125,
                    0.190625,
                    0.18140625,
                    0.183125,
                    0.18421875,
                    0.18140625,
                    0.180625,
                    0.18234375,
                    0.19203125,
                    0.18609375,
                    0.18421875,
                    0.1871875,
                    0.185625,
                    0.19140625,
                    0.19640625,
                    0.1946875,
                    0.18953125,
                    0.18453125,
                    0.18328125,
                    0.1859375,
                    0.18421875,
                    0.18421875,
                    0.186875,
                    0.1853125,
                    0.18609375,
                    0.1825,
                    0.17671875,
                    0.17859375,
                    0.1784375,
                    0.17828125,
                    0.18140625,
                    0.18265625,
                    0.18453125,
                    0.17875,
                    0.17953125,
                    0.179375,
                    0.1784375,
                    0.179375,
                    0.18,
                    0.1815625,
                    0.18203125,
                    0.1815625,
                    0.1825,
                    0.18109375,
                    0.1846875,
                    0.18171875,
                    0.1765625,
                    0.179375,
                    0.17921875,
                    0.17921875,
                    0.1778125,
                    0.1778125,
                    0.1784375,
                    0.1790625,
                    0.185,
                    0.18609375,
                    0.17921875,
                    0.17984375,
                    0.17578125,
                    0.175,
                    0.17328125,
                    0.17953125,
                    0.1715625,
                    0.173125,
                    0.17640625,
                    0.16890625,
                    0.17328125,
                    0.16703125,
                    0.17265625,
                    0.1725,
                    0.17640625,
                    0.17703125,
                    0.1771875,
                    0.17796875,
                    0.18125,
                    0.17859375,
                    0.183125,
                    0.18140625,
                    0.17953125,
                    0.1803125,
                    0.18828125,
                    0.2009375,
                    0.20078125,
                    0.203125,
                    0.2003125,
                    0.1953125,
                    0.19390625,
                    0.19890625,
                    0.19921875,
                    0.19890625,
                    0.2,
                    0.1971875
                ],
                "cur_sim": 0.1971875
            },
            {
                "video_path": "/nfs/oagrawal/mochi/vbench_eval/videos/mochi_diff_baseline/A beautiful coastal beach in spring, waves lapping on sand, oil painting-0.mp4",
                "video_results": 0.24033934049079758,