{
    "appearance_style": [
        0.18937242798353898,
        [
            {
                "video_path": "/nfs/oagrawal/wan/Wan2.1/vbench_eval/videos/wan_adaptive/A beautiful coastal beach in spring, waves lapping on sand, Van Gogh style-0.mp4",
                "video_results": 0.1683738425925926,
                "frame_results": [
                    0.1609375,
                    0.16296875,
                    0.1640625,
                    0.16390625,
                    0.16421875,
                    0.1640625,
                    0.16296875,
                    0.1640625,
                    0.16375,
                    0.16453125,
                    0.16421875,
                    0.1659375,
                    0.16734375,
                    0.1646875,
                    0.1659375,
                    0.16484375,
                    0.165625,
                    0.165625,
                    0.16484375,
                    0.16359375,
                    0.16296875,
                    0.16453125,
                    0.16515625,
                    0.1659375,
                    0.16484375,
                    0.1646875,
                    0.16421875,
                    0.16453125,
                    0.1625,
                    0.1646875,
                    0.165,
                    0.166875,
                    0.16703125,
                    0.165625,
                    0.16546875,
                    0.16734375,
                    0.1671875,
                    0.1659375,
                    0.16828125,
                    0.17,
                    0.16859375,
                    0.16796875,
                    0.1715625,
                    0.170625,
                    0.1715625,
                    0.17125,
                    0.1746875,
                    0.1725,
                    0.17125,
                    0.169375,
                    0.1690625,
                    0.1690625,
                    0.17,
                    0.17,
                    0.169375,
                    0.17078125,
                    0.170625,
                    0.16828125,
                    0.16828125,
                    0.16984375,
                    0.16921875,
                    0.16984375,
                    0.17046875,
                    0.16953125,
                    0.1690625,
                    0.17125,
                    0.173125,
                    0.1725,
                    0.17203125,
                    0.17296875,
                    0.173125,
                    0.17609375,
                    0.17421875,
                    0.1721875,
                    0.1740625,
                    0.17375,
                    0.17265625,
                    0.1740625,
                    0.1759375,
                    0.176875,
                    0.1796875
                ],
                "cur_sim": 0.1796875
            },
            {
                "video_path": "/nfs/oagrawal/wan/Wan2.1/vbench_eval/videos/wan_adaptive/A beautiful coastal beach in spring, waves lapping on sand, oil painting-0.mp4",
                "video_results": 0.20840084876543213,
                "frame_results": [
                    0.20171875,
                    0.19578125,
                    0.1990625,
                    0.20015625,
                    0.20703125,
                    0.20828125,
                    0.21328125,
                    0.213125,
                    0.20390625,
                    0.2159375,
                    0.209375,
                    0.19546875,
                    0.20078125,
                    0.2028125,
                    0.1996875,
                    0.20015625,
                    0.196875,
                    0.2059375,
                    0.20875,
                    0.2109375,
                    0.21015625,
                    0.19765625,
                    0.20125,
                    0.205,
                    0.20265625,
                    0.213125,
                    0.201875,
                    0.2,
                    0.20140625,
                    0.20125,
                    0.2140625,
                    0.20984375,
                    0.2059375,
                    0.20203125,
                    0.20375,
                    0.20390625,
                    0.20515625,
                    0.2053125,
                    0.208125,
                    0.20578125,
                    0.20359375,
                    0.20828125,
                    0.20859375,
                    0.20546875,
                    0.20453125,
                    0.2071875,
                    0.2178125,
                    0.20859375,
                    0.2084375,
                    0.21578125,
                    0.21796875,
                    0.21203125,
                    0.21109375,
                    0.2090625,
                    0.22359375,
                    0.21953125,
                    0.2096875,
                    0.2059375,
                    0.20609375,
                    0.2128125,
                    0.206875,
                    0.20984375,
                    0.20609375,
                    0.21296875,
                    0.21015625,
                    0.20640625,
                    0.21078125,
                    0.21203125,
                    0.21265625,
                    0.23046875,
                    0.22453125,
                    0.21296875,
                    0.205,
                    0.20921875,
                    0.21421875,
                    0.20890625,
                    0.2184375,
                    0.2109375,
                    0.2146875,
                    0.22296875,
                    0.216875
                ],
                "cur_sim": 0.216875
            },
            {
                "video_path": "/nfs/oagrawal/wan/Wan2.1/vbench_eval/videos/wan_adaptive/A beautiful coastal beach in spring, waves lapping on sand by Hokusai, in the style of Ukiyo-0.mp4",
                "video_results": 0.1913425925925926,