{
    "spatial_relationship": [
        0.842029230724408,
        [
            {
                "video_path": "/nfs/oagrawal/wan/Wan2.1/vbench_eval/videos/wan_adaptive/a bicycle on the left of a car, front view-0.mp4",
                "video_results": 1.0,
                "frame_results": [
                    1,
                    1,
                    1,
                    1,
                    1,
                    1,
                    1,
                    1,
                    1,
                    1,
                    1,
                    1,
                    1,
                    1,
                    1,
                    1
                ]
            },
            {
                "video_path": "/nfs/oagrawal/wan/Wan2.1/vbench_eval/videos/wan_adaptive/a car on the right of a motorcycle, front view-0.mp4",
                "video_results": 0.8018934064589379,
                "frame_results": [
                    1,
                    1,
                    1,
                    1,
                    1,
                    0.5451164021164021,
                    0.5440687189054726,
                    0.5400862068965517,
                    0.5411866830065359,
                    0.5374263211382114,
                    0.5398460687157303,
                    1,
                    1,
                    1,
                    0.5825641025641026,
                    1
                ]
            },
            {
                "video_path": "/nfs/oagrawal/wan/Wan2.1/vbench_eval/videos/wan_adaptive/a motorcycle on the left of a bus, front view-0.mp4",
                "video_results": 0.7241942857142857,
                "frame_results": [
                    0,
                    0,
                    1,
                    1,
                    0,
                    1,
                    0,
                    0.5871085714285714,
                    1,
                    1,
                    1,
                    1,
                    1,
                    1,
                    1,
                    1
                ]
            }
        ]
    ]
}