{
    "appearance_style": [
        0.21172325102880662,
        [
            {
                "video_path": "/nfs/oagrawal/wan/Wan2.1/dicache_results/videos/wan_dc_fixed_0.05/A beautiful coastal beach in spring, waves lapping on sand, Van Gogh style-0.mp4",
                "video_results": 0.1879610339506173,
                "frame_results": [
                    0.1796875,
                    0.181875,
                    0.18109375,
                    0.17875,
                    0.18046875,
                    0.17875,
                    0.179375,
                    0.18046875,
                    0.18125,
                    0.17953125,
                    0.18171875,
                    0.17765625,
                    0.18046875,
                    0.1803125,
                    0.17890625,
                    0.179375,
                    0.17984375,
                    0.17984375,
                    0.17765625,
                    0.17734375,
                    0.18046875,
                    0.180625,
                    0.18046875,
                    0.179375,
                    0.180625,
                    0.18046875,
                    0.18015625,
                    0.1796875,
                    0.1815625,
                    0.1815625,
                    0.18234375,
                    0.18359375,
                    0.18515625,
                    0.1875,
                    0.18953125,
                    0.18640625,
                    0.1875,
                    0.18640625,
                    0.18671875,
                    0.18734375,
                    0.18796875,
                    0.1871875,
                    0.18828125,
                    0.18640625,
                    0.1865625,
                    0.18765625,
                    0.18828125,
                    0.19078125,
                    0.1903125,
                    0.18953125,
                    0.19109375,
                    0.18890625,
                    0.18625,
                    0.18765625,
                    0.186875,
                    0.188125,
                    0.1903125,
                    0.186875,
                    0.19,
                    0.18921875,
                    0.1925,
                    0.19390625,
                    0.19171875,
                    0.19109375,
                    0.19421875,
                    0.19453125,
                    0.1978125,
                    0.194375,
                    0.19703125,
                    0.1971875,
                    0.2046875,
                    0.19921875,
                    0.200625,
                    0.20171875,
                    0.2121875,
                    0.20609375,
                    0.208125,
                    0.2090625,
                    0.20671875,
                    0.2015625,
                    0.2003125
                ],
                "cur_sim": 0.2003125
            },
            {
                "video_path": "/nfs/oagrawal/wan/Wan2.1/dicache_results/videos/wan_dc_fixed_0.05/A beautiful coastal beach in spring, waves lapping on sand, oil painting-0.mp4",
                "video_results": 0.2214949845679013,
                "frame_results": [
                    0.22109375,
                    0.2265625,
                    0.2203125,
                    0.226875,
                    0.2165625,
                    0.2234375,
                    0.2234375,
                    0.21625,
                    0.21484375,
                    0.21734375,
                    0.2128125,
                    0.2178125,
                    0.219375,
                    0.21921875,
                    0.219375,
                    0.22,
                    0.20609375,
                    0.20890625,
                    0.2075,
                    0.21171875,
                    0.21234375,
                    0.2090625,
                    0.20203125,
                    0.20015625,
                    0.20828125,
                    0.205,
                    0.2040625,
                    0.20734375,
                    0.20859375,
                    0.21203125,
                    0.2115625,
                    0.20703125,
                    0.20625,
                    0.1984375,
                    0.19875,
                    0.204375,
                    0.2065625,
                    0.20625,
                    0.21328125,
                    0.21421875,
                    0.21671875,
                    0.22140625,
                    0.21640625,
                    0.215,
                    0.21828125,
                    0.221875,
                    0.2228125,
                    0.218125,
                    0.21453125,
                    0.2184375,
                    0.2253125,
                    0.22734375,
                    0.22546875,
                    0.2284375,
                    0.23515625,
                    0.23046875,
                    0.22734375,
                    0.23765625,
                    0.23484375,
                    0.2340625,
                    0.22890625,
                    0.22953125,
                    0.2275,
                    0.22953125,
                    0.223125,
                    0.229375,
                    0.23296875,
                    0.23171875,
                    0.2378125,
                    0.2415625,
                    0.24109375,
                    0.2409375,
                    0.2353125,
                    0.2390625,
                    0.23640625,
                    0.241875,
                    0.2428125,
                    0.24609375,
                    0.2425,
                    0.2465625,
                    0.2415625
                ],
                "cur_sim": 0.2415625
            },
            {
                "video_path": "/nfs/oagrawal/wan/Wan2.1/dicache_results/videos/wan_dc_fixed_0.05/A beautiful coastal beach in spring, waves lapping on sand by Hokusai, in the style of Ukiyo-0.mp4",
                "video_results": 0.22571373456790123,