{
    "appearance_style": [
        0.19291409465020573,
        [
            {
                "video_path": "/nfs/oagrawal/wan/Wan2.1/vbench_eval_easycache/videos/wan_ec_fixed_0.020/A beautiful coastal beach in spring, waves lapping on sand, Van Gogh style-0.mp4",
                "video_results": 0.17064621913580247,
                "frame_results": [
                    0.173125,
                    0.17125,
                    0.1690625,
                    0.16859375,
                    0.1675,
                    0.1684375,
                    0.166875,
                    0.16796875,
                    0.166875,
                    0.1659375,
                    0.168125,
                    0.1684375,
                    0.17,
                    0.16875,
                    0.16984375,
                    0.17109375,
                    0.16890625,
                    0.1690625,
                    0.16796875,
                    0.16796875,
                    0.1671875,
                    0.16796875,
                    0.16796875,
                    0.1671875,
                    0.1659375,
                    0.1671875,
                    0.16625,
                    0.16640625,
                    0.165,
                    0.16640625,
                    0.1690625,
                    0.16953125,
                    0.170625,
                    0.17,
                    0.16890625,
                    0.17140625,
                    0.17109375,
                    0.17046875,
                    0.16984375,
                    0.17328125,
                    0.1709375,
                    0.1690625,
                    0.16875,
                    0.16953125,
                    0.1715625,
                    0.17078125,
                    0.17203125,
                    0.1715625,
                    0.1709375,
                    0.17046875,
                    0.1715625,
                    0.170625,
                    0.17046875,
                    0.17140625,
                    0.1703125,
                    0.171875,
                    0.17125,
                    0.17140625,
                    0.1721875,
                    0.17203125,
                    0.17265625,
                    0.1728125,
                    0.174375,
                    0.175,
                    0.1709375,
                    0.17359375,
                    0.1728125,
                    0.17125,
                    0.170625,
                    0.17171875,
                    0.17453125,
                    0.1753125,
                    0.17546875,
                    0.17578125,
                    0.175,
                    0.174375,
                    0.17796875,
                    0.17515625,
                    0.17484375,
                    0.17765625,
                    0.17421875
                ],
                "cur_sim": 0.17421875
            },
            {
                "video_path": "/nfs/oagrawal/wan/Wan2.1/vbench_eval_easycache/videos/wan_ec_fixed_0.020/A beautiful coastal beach in spring, waves lapping on sand, oil painting-0.mp4",
                "video_results": 0.2140470679012346,
                "frame_results": [
                    0.21765625,
                    0.2184375,
                    0.21171875,
                    0.21734375,
                    0.2140625,
                    0.21703125,
                    0.21546875,
                    0.21203125,
                    0.21453125,
                    0.20796875,
                    0.201875,
                    0.205625,
                    0.2040625,
                    0.2096875,
                    0.1975,
                    0.20171875,
                    0.19953125,
                    0.20859375,
                    0.2025,
                    0.20109375,
                    0.2,
                    0.19984375,
                    0.2053125,
                    0.20234375,
                    0.20203125,
                    0.2040625,
                    0.20125,
                    0.2,
                    0.19921875,
                    0.20625,
                    0.2203125,
                    0.2053125,
                    0.20703125,
                    0.2040625,
                    0.21578125,
                    0.2134375,
                    0.20921875,
                    0.2040625,
                    0.205625,
                    0.2025,
                    0.20203125,
                    0.21359375,
                    0.21265625,
                    0.20875,
                    0.2109375,
                    0.213125,
                    0.21609375,
                    0.21234375,
                    0.21296875,
                    0.21078125,
                    0.2184375,
                    0.21359375,
                    0.2140625,
                    0.21125,
                    0.2096875,
                    0.21671875,
                    0.21640625,
                    0.21609375,
                    0.22109375,
                    0.21875,
                    0.22046875,
                    0.22015625,
                    0.2284375,
                    0.228125,
                    0.2278125,
                    0.23,
                    0.221875,
                    0.2303125,
                    0.22484375,
                    0.2378125,
                    0.233125,
                    0.226875,
                    0.22578125,
                    0.23453125,
                    0.23265625,
                    0.2259375,
                    0.23515625,
                    0.2284375,
                    0.236875,
                    0.22,
                    0.213125
                ],
                "cur_sim": 0.213125
            },
            {
                "video_path": "/nfs/oagrawal/wan/Wan2.1/vbench_eval_easycache/videos/wan_ec_fixed_0.020/A beautiful coastal beach in spring, waves lapping on sand by Hokusai, in the style of Ukiyo-0.mp4",
                "video_results": 0.19404899691358024,