{
    "appearance_style": [
        0.16696321866925068,
        [
            {
                "video_path": "dicache_results/videos/dicache_adaptive_0.10_0.30/A beautiful coastal beach in spring, waves lapping on sand, Van Gogh style-0.mp4",
                "video_results": 0.15519803779069768,
                "frame_results": [
                    0.1603125,
                    0.158125,
                    0.16234375,
                    0.1609375,
                    0.15875,
                    0.159609375,
                    0.158515625,
                    0.157578125,
                    0.158359375,
                    0.157734375,
                    0.158203125,
                    0.156328125,
                    0.15921875,
                    0.1575,
                    0.15703125,
                    0.157578125,
                    0.1559375,
                    0.15765625,
                    0.1596875,
                    0.159765625,
                    0.158984375,
                    0.156953125,
                    0.157421875,
                    0.157109375,
                    0.156328125,
                    0.156484375,
                    0.158359375,
                    0.159453125,
                    0.158671875,
                    0.15828125,
                    0.156953125,
                    0.15640625,
                    0.154765625,
                    0.15828125,
                    0.159453125,
                    0.158359375,
                    0.158359375,
                    0.155703125,
                    0.1553125,
                    0.15484375,
                    0.15484375,
                    0.1534375,
                    0.153984375,
                    0.155078125,
                    0.15484375,
                    0.156328125,
                    0.154921875,
                    0.15546875,
                    0.154296875,
                    0.15421875,
                    0.15296875,
                    0.1534375,
                    0.154296875,
                    0.15375,
                    0.154375,
                    0.15125,
                    0.15265625,
                    0.151796875,
                    0.15203125,
                    0.1521875,
                    0.15171875,
                    0.151640625,
                    0.151328125,
                    0.153203125,
                    0.151640625,
                    0.15140625,
                    0.15109375,
                    0.152109375,
                    0.151484375,
                    0.15203125,
                    0.1546875,
                    0.15328125,
                    0.152109375,
                    0.153359375,
                    0.15484375,
                    0.15328125,
                    0.153359375,
                    0.15234375,
                    0.154765625,
                    0.152890625,
                    0.154296875,
                    0.15484375,
                    0.157734375,
                    0.15484375,
                    0.156015625,
                    0.15328125,
                    0.1559375,
                    0.1565625,
                    0.156953125,
                    0.158671875,
                    0.158203125,
                    0.1575,
                    0.158828125,
                    0.157734375,
                    0.15671875,
                    0.15453125,
                    0.15484375,
                    0.15546875,
                    0.15375,
                    0.152421875,
                    0.152890625,
                    0.1525,
                    0.154375,
                    0.153828125,
                    0.153125,
                    0.152734375,
                    0.152578125,
                    0.151875,
                    0.1515625,
                    0.1528125,
                    0.15359375,
                    0.15390625,
                    0.15375,
                    0.1528125,
                    0.1540625,
                    0.153125,
                    0.154296875,
                    0.15484375,
                    0.155859375,
                    0.155703125,
                    0.154140625,
                    0.155078125,
                    0.155,
                    0.153828125,
                    0.152734375,
                    0.1534375,
                    0.15390625,
                    0.153046875,
                    0.15359375
                ],
                "cur_sim": 0.15359375
            },
            {
                "video_path": "dicache_results/videos/dicache_adaptive_0.10_0.30/A beautiful coastal beach in spring, waves lapping on sand, oil painting-0.mp4",
                "video_results": 0.17306686046511627,