{
    "appearance_style": [
        0.19826324588477362,
        [
            {
                "video_path": "/nfs/oagrawal/wan/Wan2.1/vbench_eval_easycache/videos/wan_ec_fixed_0.150/A beautiful coastal beach in spring, waves lapping on sand, Van Gogh style-0.mp4",
                "video_results": 0.18813078703703703,
                "frame_results": [
                    0.2025,
                    0.18640625,
                    0.18625,
                    0.1915625,
                    0.19140625,
                    0.18328125,
                    0.1815625,
                    0.181875,
                    0.183125,
                    0.1796875,
                    0.17328125,
                    0.176875,
                    0.17828125,
                    0.175,
                    0.17734375,
                    0.18078125,
                    0.17640625,
                    0.17390625,
                    0.17875,
                    0.179375,
                    0.1825,
                    0.18203125,
                    0.18171875,
                    0.18125,
                    0.18390625,
                    0.18375,
                    0.1796875,
                    0.1765625,
                    0.1746875,
                    0.1803125,
                    0.1828125,
                    0.18609375,
                    0.184375,
                    0.181875,
                    0.18609375,
                    0.18765625,
                    0.1925,
                    0.181875,
                    0.1828125,
                    0.1859375,
                    0.1875,
                    0.179375,
                    0.18171875,
                    0.1821875,
                    0.19046875,
                    0.1903125,
                    0.19375,
                    0.19234375,
                    0.19265625,
                    0.186875,
                    0.18703125,
                    0.18609375,
                    0.18984375,
                    0.17734375,
                    0.176875,
                    0.18625,
                    0.18875,
                    0.189375,
                    0.19671875,
                    0.19953125,
                    0.2053125,
                    0.19328125,
                    0.19609375,
                    0.19859375,
                    0.2003125,
                    0.1925,
                    0.19578125,
                    0.20515625,
                    0.20453125,
                    0.19421875,
                    0.1953125,
                    0.19296875,
                    0.20265625,
                    0.18703125,
                    0.19625,
                    0.2065625,
                    0.21109375,
                    0.19296875,
                    0.19921875,
                    0.200625,
                    0.21703125
                ],
                "cur_sim": 0.21703125
            },
            {
                "video_path": "/nfs/oagrawal/wan/Wan2.1/vbench_eval_easycache/videos/wan_ec_fixed_0.150/A beautiful coastal beach in spring, waves lapping on sand, oil painting-0.mp4",
                "video_results": 0.21707368827160492,
                "frame_results": [
                    0.21625,
                    0.21890625,
                    0.21546875,
                    0.21984375,
                    0.21921875,
                    0.2234375,
                    0.2215625,
                    0.2196875,
                    0.21734375,
                    0.21640625,
                    0.219375,
                    0.21734375,
                    0.22140625,
                    0.21078125,
                    0.21109375,
                    0.21171875,
                    0.210625,
                    0.20890625,
                    0.2090625,
                    0.205625,
                    0.21078125,
                    0.2034375,
                    0.21546875,
                    0.20671875,
                    0.216875,
                    0.2178125,
                    0.2159375,
                    0.20265625,
                    0.21234375,
                    0.2140625,
                    0.2153125,
                    0.216875,
                    0.215625,
                    0.21421875,
                    0.2196875,
                    0.2203125,
                    0.2209375,
                    0.21796875,
                    0.22203125,
                    0.22375,
                    0.22203125,
                    0.21078125,
                    0.21125,
                    0.21,
                    0.20625,
                    0.219375,
                    0.22390625,
                    0.2328125,
                    0.21953125,
                    0.2328125,
                    0.2334375,
                    0.22953125,
                    0.21640625,
                    0.2121875,
                    0.20984375,
                    0.20203125,
                    0.20546875,
                    0.20671875,
                    0.21109375,
                    0.22203125,
                    0.20921875,
                    0.208125,
                    0.21015625,
                    0.2159375,
                    0.21671875,
                    0.220625,
                    0.22609375,
                    0.2203125,
                    0.2128125,
                    0.22765625,
                    0.22546875,
                    0.2496875,
                    0.21953125,
                    0.2196875,
                    0.22703125,
                    0.23296875,
                    0.21328125,
                    0.2165625,
                    0.21875,
                    0.219375,
                    0.21859375
                ],
                "cur_sim": 0.21859375
            },
            {
                "video_path": "/nfs/oagrawal/wan/Wan2.1/vbench_eval_easycache/videos/wan_ec_fixed_0.150/A beautiful coastal beach in spring, waves lapping on sand by Hokusai, in the style of Ukiyo-0.mp4",
                "video_results": 0.18958526234567905,