{
    "appearance_style": [
        0.23209876543209879,
        [
            {
                "video_path": "/nfs/oagrawal/wan/Wan2.1/dicache_results/videos/wan_dc_adaptive_hi0.225_lo0.05/A beautiful coastal beach in spring, waves lapping on sand, Van Gogh style-0.mp4",
                "video_results": 0.23832947530864193,
                "frame_results": [
                    0.23859375,
                    0.2365625,
                    0.239375,
                    0.23796875,
                    0.238125,
                    0.23484375,
                    0.23234375,
                    0.2303125,
                    0.23234375,
                    0.23484375,
                    0.23625,
                    0.2359375,
                    0.2359375,
                    0.23359375,
                    0.23390625,
                    0.23421875,
                    0.2359375,
                    0.23609375,
                    0.23203125,
                    0.23390625,
                    0.23453125,
                    0.2309375,
                    0.22890625,
                    0.23078125,
                    0.236875,
                    0.2353125,
                    0.23671875,
                    0.2409375,
                    0.2390625,
                    0.23984375,
                    0.23953125,
                    0.2375,
                    0.23671875,
                    0.23671875,
                    0.2409375,
                    0.238125,
                    0.2378125,
                    0.2359375,
                    0.2365625,
                    0.2390625,
                    0.23703125,
                    0.23859375,
                    0.24234375,
                    0.2396875,
                    0.24109375,
                    0.23953125,
                    0.239375,
                    0.2365625,
                    0.2396875,
                    0.2434375,
                    0.24390625,
                    0.2409375,
                    0.2421875,
                    0.238125,
                    0.24078125,
                    0.24140625,
                    0.24296875,
                    0.24265625,
                    0.24546875,
                    0.24796875,
                    0.24703125,
                    0.2496875,
                    0.2465625,
                    0.246875,
                    0.2453125,
                    0.2459375,
                    0.24484375,
                    0.2440625,
                    0.24171875,
                    0.23953125,
                    0.236875,
                    0.2371875,
                    0.23265625,
                    0.23921875,
                    0.23796875,
                    0.233125,
                    0.2321875,
                    0.2384375,
                    0.23546875,
                    0.23453125,
                    0.23578125
                ],
                "cur_sim": 0.23578125
            },
            {
                "video_path": "/nfs/oagrawal/wan/Wan2.1/dicache_results/videos/wan_dc_adaptive_hi0.225_lo0.05/A beautiful coastal beach in spring, waves lapping on sand, oil painting-0.mp4",
                "video_results": 0.23737847222222222,
                "frame_results": [
                    0.24140625,
                    0.23796875,
                    0.23625,
                    0.2265625,
                    0.2309375,
                    0.2315625,
                    0.23078125,
                    0.2278125,
                    0.22578125,
                    0.23125,
                    0.2265625,
                    0.22671875,
                    0.22296875,
                    0.22671875,
                    0.225,
                    0.230625,
                    0.22671875,
                    0.22703125,
                    0.2290625,
                    0.2075,
                    0.22890625,
                    0.22421875,
                    0.23171875,
                    0.22515625,
                    0.2184375,
                    0.22546875,
                    0.22890625,
                    0.235,
                    0.22453125,
                    0.2346875,
                    0.23671875,
                    0.225625,
                    0.22640625,
                    0.22859375,
                    0.2271875,
                    0.2234375,
                    0.2253125,
                    0.23171875,
                    0.22765625,
                    0.2253125,
                    0.23171875,
                    0.233125,
                    0.2384375,
                    0.24109375,
                    0.2434375,
                    0.23953125,
                    0.24140625,
                    0.24859375,
                    0.245,
                    0.24609375,
                    0.24703125,
                    0.24453125,
                    0.2496875,
                    0.24734375,
                    0.25125,
                    0.24515625,
                    0.2428125,
                    0.2421875,
                    0.24765625,
                    0.2415625,
                    0.2509375,
                    0.24859375,
                    0.24890625,
                    0.24703125,
                    0.25,
                    0.25234375,
                    0.2565625,
                    0.24328125,
                    0.24359375,
                    0.254375,
                    0.25921875,
                    0.26234375,
                    0.25828125,
                    0.25640625,
                    0.25265625,
                    0.244375,
                    0.24609375,
                    0.2403125,
                    0.240625,
                    0.24078125,
                    0.2390625
                ],
                "cur_sim": 0.2390625
            },
            {
                "video_path": "/nfs/oagrawal/wan/Wan2.1/dicache_results/videos/wan_dc_adaptive_hi0.225_lo0.05/A beautiful coastal beach in spring, waves lapping on sand by Hokusai, in the style of Ukiyo-0.mp4",
                "video_results": 0.2205883487654321,