{
    "appearance_style": [
        0.16376271802325576,
        [
            {
                "video_path": "dicache_results/videos/dicache_adaptive_0.15_0.40/A beautiful coastal beach in spring, waves lapping on sand, Van Gogh style-0.mp4",
                "video_results": 0.15571039244186047,
                "frame_results": [
                    0.16546875,
                    0.160625,
                    0.16125,
                    0.16125,
                    0.160625,
                    0.16140625,
                    0.159140625,
                    0.1603125,
                    0.16046875,
                    0.159765625,
                    0.1609375,
                    0.1603125,
                    0.15828125,
                    0.16015625,
                    0.158984375,
                    0.158515625,
                    0.15515625,
                    0.158359375,
                    0.15625,
                    0.155,
                    0.1578125,
                    0.154921875,
                    0.156328125,
                    0.158671875,
                    0.157578125,
                    0.15546875,
                    0.158125,
                    0.1571875,
                    0.155078125,
                    0.15609375,
                    0.156796875,
                    0.155703125,
                    0.155078125,
                    0.158046875,
                    0.15671875,
                    0.156796875,
                    0.15765625,
                    0.154921875,
                    0.156640625,
                    0.15390625,
                    0.15265625,
                    0.153203125,
                    0.153203125,
                    0.15375,
                    0.153671875,
                    0.152890625,
                    0.1540625,
                    0.152421875,
                    0.153125,
                    0.15359375,
                    0.151875,
                    0.1503125,
                    0.149609375,
                    0.15265625,
                    0.1534375,
                    0.152265625,
                    0.155703125,
                    0.151484375,
                    0.152265625,
                    0.1521875,
                    0.152890625,
                    0.1540625,
                    0.152109375,
                    0.152265625,
                    0.15125,
                    0.15421875,
                    0.15265625,
                    0.154375,
                    0.153515625,
                    0.15359375,
                    0.15203125,
                    0.15109375,
                    0.1525,
                    0.154921875,
                    0.154296875,
                    0.154375,
                    0.155390625,
                    0.152421875,
                    0.154296875,
                    0.150546875,
                    0.15484375,
                    0.1553125,
                    0.157578125,
                    0.156171875,
                    0.155703125,
                    0.155859375,
                    0.157421875,
                    0.15625,
                    0.156796875,
                    0.15546875,
                    0.155078125,
                    0.156171875,
                    0.156796875,
                    0.156328125,
                    0.156171875,
                    0.15625,
                    0.15609375,
                    0.156015625,
                    0.1553125,
                    0.155234375,
                    0.1565625,
                    0.157734375,
                    0.158046875,
                    0.158203125,
                    0.16,
                    0.15703125,
                    0.1565625,
                    0.154609375,
                    0.155390625,
                    0.154921875,
                    0.155625,
                    0.1571875,
                    0.1565625,
                    0.156640625,
                    0.156796875,
                    0.156796875,
                    0.155546875,
                    0.15515625,
                    0.1553125,
                    0.15421875,
                    0.154921875,
                    0.154375,
                    0.154921875,
                    0.155234375,
                    0.155703125,
                    0.15625,
                    0.15625,
                    0.155703125,
                    0.15453125
                ],
                "cur_sim": 0.15453125
            },
            {
                "video_path": "dicache_results/videos/dicache_adaptive_0.15_0.40/A beautiful coastal beach in spring, waves lapping on sand, oil painting-0.mp4",
                "video_results": 0.17048812984496123,