{
    "appearance_style": [
        0.19330375514403292,
        [
            {
                "video_path": "/nfs/oagrawal/wan/Wan2.1/vbench_eval_easycache/videos/wan_ec_fixed_0.250/A beautiful coastal beach in spring, waves lapping on sand, Van Gogh style-0.mp4",
                "video_results": 0.1762384259259259,
                "frame_results": [
                    0.17453125,
                    0.17296875,
                    0.1775,
                    0.18,
                    0.17796875,
                    0.175,
                    0.17421875,
                    0.170625,
                    0.17328125,
                    0.16890625,
                    0.168125,
                    0.1715625,
                    0.171875,
                    0.1709375,
                    0.1684375,
                    0.171875,
                    0.169375,
                    0.16625,
                    0.1678125,
                    0.166875,
                    0.16828125,
                    0.16921875,
                    0.1728125,
                    0.1740625,
                    0.17390625,
                    0.17140625,
                    0.17015625,
                    0.16703125,
                    0.16875,
                    0.17078125,
                    0.1753125,
                    0.174375,
                    0.17578125,
                    0.17484375,
                    0.1734375,
                    0.17203125,
                    0.17375,
                    0.17046875,
                    0.1759375,
                    0.17609375,
                    0.1784375,
                    0.17578125,
                    0.173125,
                    0.173125,
                    0.173125,
                    0.1796875,
                    0.18078125,
                    0.1809375,
                    0.18171875,
                    0.1803125,
                    0.1784375,
                    0.17515625,
                    0.1734375,
                    0.17125,
                    0.170625,
                    0.17625,
                    0.1775,
                    0.17796875,
                    0.17859375,
                    0.18171875,
                    0.188125,
                    0.1803125,
                    0.18125,
                    0.1815625,
                    0.18140625,
                    0.18171875,
                    0.1825,
                    0.18390625,
                    0.18234375,
                    0.18015625,
                    0.1815625,
                    0.1784375,
                    0.1828125,
                    0.17828125,
                    0.18015625,
                    0.185,
                    0.18640625,
                    0.1803125,
                    0.18875,
                    0.1909375,
                    0.19484375
                ],
                "cur_sim": 0.19484375
            },
            {
                "video_path": "/nfs/oagrawal/wan/Wan2.1/vbench_eval_easycache/videos/wan_ec_fixed_0.250/A beautiful coastal beach in spring, waves lapping on sand, oil painting-0.mp4",
                "video_results": 0.21234375,
                "frame_results": [
                    0.2096875,
                    0.20484375,
                    0.203125,
                    0.20453125,
                    0.206875,
                    0.2075,
                    0.21296875,
                    0.21234375,
                    0.20875,
                    0.21203125,
                    0.21140625,
                    0.21328125,
                    0.21265625,
                    0.2103125,
                    0.205,
                    0.20171875,
                    0.2053125,
                    0.2009375,
                    0.21078125,
                    0.2046875,
                    0.20640625,
                    0.19828125,
                    0.205,
                    0.204375,
                    0.204375,
                    0.20609375,
                    0.20359375,
                    0.199375,
                    0.19546875,
                    0.2015625,
                    0.20703125,
                    0.213125,
                    0.2071875,
                    0.2115625,
                    0.20921875,
                    0.21328125,
                    0.21140625,
                    0.20546875,
                    0.21453125,
                    0.2109375,
                    0.21734375,
                    0.21046875,
                    0.214375,
                    0.211875,
                    0.20953125,
                    0.215625,
                    0.22265625,
                    0.226875,
                    0.22828125,
                    0.22515625,
                    0.23046875,
                    0.231875,
                    0.22109375,
                    0.20484375,
                    0.20953125,
                    0.2090625,
                    0.220625,
                    0.21140625,
                    0.21046875,
                    0.21140625,
                    0.219375,
                    0.21125,
                    0.20984375,
                    0.20859375,
                    0.21265625,
                    0.2096875,
                    0.21859375,
                    0.218125,
                    0.21671875,
                    0.22171875,
                    0.2365625,
                    0.2334375,
                    0.21375,
                    0.2246875,
                    0.215625,
                    0.21546875,
                    0.2184375,
                    0.22453125,
                    0.21078125,
                    0.21671875,
                    0.21328125
                ],
                "cur_sim": 0.21328125
            },
            {
                "video_path": "/nfs/oagrawal/wan/Wan2.1/vbench_eval_easycache/videos/wan_ec_fixed_0.250/A beautiful coastal beach in spring, waves lapping on sand by Hokusai, in the style of Ukiyo-0.mp4",
                "video_results": 0.19132908950617283,