{
    "appearance_style": [
        0.23885609567901242,
        [
            {
                "video_path": "/nfs/oagrawal/wan/Wan2.1/dicache_results/videos/wan_dc_fixed_0.15/A beautiful coastal beach in spring, waves lapping on sand, Van Gogh style-0.mp4",
                "video_results": 0.2437191358024691,
                "frame_results": [
                    0.2434375,
                    0.24328125,
                    0.243125,
                    0.25046875,
                    0.24484375,
                    0.241875,
                    0.2453125,
                    0.246875,
                    0.246875,
                    0.24890625,
                    0.24734375,
                    0.24421875,
                    0.2471875,
                    0.24359375,
                    0.24171875,
                    0.2425,
                    0.2459375,
                    0.24671875,
                    0.2475,
                    0.24515625,
                    0.24390625,
                    0.2434375,
                    0.24421875,
                    0.2428125,
                    0.2496875,
                    0.245625,
                    0.25328125,
                    0.25015625,
                    0.2503125,
                    0.2459375,
                    0.244375,
                    0.24703125,
                    0.2478125,
                    0.24,
                    0.2375,
                    0.24484375,
                    0.24640625,
                    0.243125,
                    0.24625,
                    0.24765625,
                    0.245625,
                    0.24109375,
                    0.24125,
                    0.24,
                    0.241875,
                    0.23984375,
                    0.24359375,
                    0.24515625,
                    0.2428125,
                    0.23984375,
                    0.24109375,
                    0.24140625,
                    0.23765625,
                    0.24078125,
                    0.243125,
                    0.2434375,
                    0.2403125,
                    0.24359375,
                    0.24484375,
                    0.2415625,
                    0.23875,
                    0.238125,
                    0.24125,
                    0.24015625,
                    0.24390625,
                    0.24734375,
                    0.245625,
                    0.24859375,
                    0.24484375,
                    0.24515625,
                    0.24625,
                    0.246875,
                    0.239375,
                    0.23359375,
                    0.234375,
                    0.2365625,
                    0.2409375,
                    0.2365625,
                    0.2396875,
                    0.2471875,
                    0.2459375
                ],
                "cur_sim": 0.2459375
            },
            {
                "video_path": "/nfs/oagrawal/wan/Wan2.1/dicache_results/videos/wan_dc_fixed_0.15/A beautiful coastal beach in spring, waves lapping on sand, oil painting-0.mp4",
                "video_results": 0.20280864197530868,
                "frame_results": [
                    0.20484375,
                    0.21625,
                    0.20359375,
                    0.1975,
                    0.21453125,
                    0.19640625,
                    0.2015625,
                    0.19859375,
                    0.20203125,
                    0.20640625,
                    0.21046875,
                    0.2078125,
                    0.2134375,
                    0.20359375,
                    0.20421875,
                    0.2046875,
                    0.2040625,
                    0.20765625,
                    0.20640625,
                    0.20953125,
                    0.20859375,
                    0.20546875,
                    0.20421875,
                    0.2025,
                    0.20765625,
                    0.20484375,
                    0.20171875,
                    0.2009375,
                    0.20296875,
                    0.198125,
                    0.19875,
                    0.1990625,
                    0.1990625,
                    0.19703125,
                    0.1965625,
                    0.19984375,
                    0.19984375,
                    0.2015625,
                    0.20203125,
                    0.19921875,
                    0.20359375,
                    0.2009375,
                    0.19734375,
                    0.1996875,
                    0.20296875,
                    0.19875,
                    0.2025,
                    0.199375,
                    0.20546875,
                    0.20453125,
                    0.21171875,
                    0.20625,
                    0.2034375,
                    0.20578125,
                    0.204375,
                    0.2028125,
                    0.20484375,
                    0.2025,
                    0.201875,
                    0.20078125,
                    0.19890625,
                    0.20171875,
                    0.19984375,
                    0.2,
                    0.19921875,
                    0.19984375,
                    0.1996875,
                    0.200625,
                    0.19890625,
                    0.19703125,
                    0.19984375,
                    0.20078125,
                    0.20171875,
                    0.20078125,
                    0.20359375,
                    0.20453125,
                    0.204375,
                    0.20734375,
                    0.2028125,
                    0.20125,
                    0.2015625
                ],
                "cur_sim": 0.2015625
            },
            {
                "video_path": "/nfs/oagrawal/wan/Wan2.1/dicache_results/videos/wan_dc_fixed_0.15/A beautiful coastal beach in spring, waves lapping on sand by Hokusai, in the style of Ukiyo-0.mp4",
                "video_results": 0.27004050925925926,