{
    "appearance_style": [
        0.221781121399177,
        [
            {
                "video_path": "/nfs/oagrawal/wan/Wan2.1/dicache_results/videos/wan_dc_fixed_0.25/A beautiful coastal beach in spring, waves lapping on sand, Van Gogh style-0.mp4",
                "video_results": 0.22074459876543212,
                "frame_results": [
                    0.22796875,
                    0.2203125,
                    0.2290625,
                    0.23421875,
                    0.23328125,
                    0.2271875,
                    0.22609375,
                    0.21796875,
                    0.22390625,
                    0.21,
                    0.21890625,
                    0.220625,
                    0.220625,
                    0.2140625,
                    0.21234375,
                    0.213125,
                    0.2134375,
                    0.21,
                    0.2103125,
                    0.21453125,
                    0.21453125,
                    0.2125,
                    0.210625,
                    0.21015625,
                    0.21265625,
                    0.215625,
                    0.213125,
                    0.21796875,
                    0.21640625,
                    0.2125,
                    0.21078125,
                    0.21515625,
                    0.22421875,
                    0.225625,
                    0.21875,
                    0.21515625,
                    0.22421875,
                    0.21171875,
                    0.21140625,
                    0.21609375,
                    0.22046875,
                    0.21765625,
                    0.216875,
                    0.2128125,
                    0.21296875,
                    0.21046875,
                    0.2196875,
                    0.2209375,
                    0.22609375,
                    0.2115625,
                    0.21359375,
                    0.21796875,
                    0.21671875,
                    0.21515625,
                    0.2140625,
                    0.220625,
                    0.2184375,
                    0.22578125,
                    0.22125,
                    0.2228125,
                    0.2196875,
                    0.2278125,
                    0.2275,
                    0.23359375,
                    0.23703125,
                    0.23421875,
                    0.22953125,
                    0.2378125,
                    0.23203125,
                    0.23109375,
                    0.231875,
                    0.22625,
                    0.22765625,
                    0.22984375,
                    0.22796875,
                    0.2371875,
                    0.22890625,
                    0.22671875,
                    0.2196875,
                    0.22390625,
                    0.226875
                ],
                "cur_sim": 0.226875
            },
            {
                "video_path": "/nfs/oagrawal/wan/Wan2.1/dicache_results/videos/wan_dc_fixed_0.25/A beautiful coastal beach in spring, waves lapping on sand, oil painting-0.mp4",
                "video_results": 0.22247685185185187,
                "frame_results": [
                    0.23109375,
                    0.239375,
                    0.24,
                    0.244375,
                    0.23546875,
                    0.23453125,
                    0.2328125,
                    0.2334375,
                    0.23015625,
                    0.226875,
                    0.23015625,
                    0.23640625,
                    0.224375,
                    0.225,
                    0.2290625,
                    0.23,
                    0.22296875,
                    0.2303125,
                    0.21828125,
                    0.22140625,
                    0.22109375,
                    0.22875,
                    0.21109375,
                    0.2121875,
                    0.2165625,
                    0.21890625,
                    0.21546875,
                    0.22265625,
                    0.22171875,
                    0.21859375,
                    0.22140625,
                    0.22546875,
                    0.22375,
                    0.22453125,
                    0.2221875,
                    0.2165625,
                    0.22703125,
                    0.21140625,
                    0.20921875,
                    0.21546875,
                    0.2065625,
                    0.20921875,
                    0.22078125,
                    0.21015625,
                    0.20984375,
                    0.23296875,
                    0.21875,
                    0.221875,
                    0.21859375,
                    0.23359375,
                    0.2309375,
                    0.2209375,
                    0.22296875,
                    0.21953125,
                    0.21484375,
                    0.21921875,
                    0.2278125,
                    0.21640625,
                    0.21453125,
                    0.2146875,
                    0.21625,
                    0.22203125,
                    0.23109375,
                    0.225,
                    0.2246875,
                    0.21921875,
                    0.2196875,
                    0.22140625,
                    0.220625,
                    0.23296875,
                    0.22125,
                    0.226875,
                    0.223125,
                    0.21359375,
                    0.20828125,
                    0.21359375,
                    0.2159375,
                    0.218125,
                    0.22328125,
                    0.22078125,
                    0.2184375
                ],
                "cur_sim": 0.2184375
            },
            {
                "video_path": "/nfs/oagrawal/wan/Wan2.1/dicache_results/videos/wan_dc_fixed_0.25/A beautiful coastal beach in spring, waves lapping on sand by Hokusai, in the style of Ukiyo-0.mp4",
                "video_results": 0.2221219135802469,