{
    "appearance_style": [
        0.15165132428940578,
        [
            {
                "video_path": "vbench_eval/videos/hunyuan_adaptive/A beautiful coastal beach in spring, waves lapping on sand, Van Gogh style-0.mp4",
                "video_results": 0.13643592538759688,
                "frame_results": [
                    0.1409375,
                    0.14046875,
                    0.13921875,
                    0.139453125,
                    0.140234375,
                    0.139453125,
                    0.139609375,
                    0.139375,
                    0.139296875,
                    0.137890625,
                    0.138125,
                    0.1384375,
                    0.137890625,
                    0.13765625,
                    0.137734375,
                    0.138203125,
                    0.138203125,
                    0.13765625,
                    0.137890625,
                    0.13828125,
                    0.13828125,
                    0.137109375,
                    0.136640625,
                    0.1359375,
                    0.13703125,
                    0.13640625,
                    0.136484375,
                    0.13640625,
                    0.136875,
                    0.136171875,
                    0.136796875,
                    0.136328125,
                    0.13625,
                    0.13609375,
                    0.13625,
                    0.136171875,
                    0.13671875,
                    0.13515625,
                    0.1353125,
                    0.135703125,
                    0.136171875,
                    0.135859375,
                    0.13625,
                    0.136796875,
                    0.136875,
                    0.13671875,
                    0.136875,
                    0.136875,
                    0.1371875,
                    0.135703125,
                    0.135859375,
                    0.1359375,
                    0.136484375,
                    0.13640625,
                    0.136796875,
                    0.13609375,
                    0.13703125,
                    0.138515625,
                    0.136953125,
                    0.13765625,
                    0.1375,
                    0.1378125,
                    0.13734375,
                    0.1375,
                    0.1378125,
                    0.138203125,
                    0.1375,
                    0.1378125,
                    0.1375,
                    0.13765625,
                    0.13765625,
                    0.1365625,
                    0.1371875,
                    0.13625,
                    0.13609375,
                    0.13609375,
                    0.13671875,
                    0.136796875,
                    0.136484375,
                    0.136171875,
                    0.136171875,
                    0.135625,
                    0.13515625,
                    0.134921875,
                    0.13609375,
                    0.1365625,
                    0.13578125,
                    0.1359375,
                    0.136328125,
                    0.136484375,
                    0.13640625,
                    0.13578125,
                    0.1353125,
                    0.13578125,
                    0.135390625,
                    0.13546875,
                    0.13515625,
                    0.135234375,
                    0.135625,
                    0.135859375,
                    0.135625,
                    0.135546875,
                    0.136171875,
                    0.13546875,
                    0.135390625,
                    0.13453125,
                    0.135234375,
                    0.134765625,
                    0.1359375,
                    0.13515625,
                    0.134765625,
                    0.134765625,
                    0.1340625,
                    0.13390625,
                    0.135,
                    0.134609375,
                    0.13484375,
                    0.134609375,
                    0.134453125,
                    0.1340625,
                    0.134375,
                    0.13375,
                    0.134296875,
                    0.133828125,
                    0.13484375,
                    0.1340625,
                    0.133828125,
                    0.133515625,
                    0.13390625
                ],
                "cur_sim": 0.13390625
            },
            {
                "video_path": "vbench_eval/videos/hunyuan_adaptive/A beautiful coastal beach in spring, waves lapping on sand, oil painting-0.mp4",
                "video_results": 0.15942647771317828,