{
    "background_consistency": [
        0.9636510213216146,
        [
            {
                "video_path": "vbench_eval/videos/hunyuan_adaptive/alley-0.mp4",
                "video_results": 0.9524250030517578,
                "video_sim": 121.910400390625,
                "cnt_per_video": 128
            },
            {
                "video_path": "vbench_eval/videos/hunyuan_adaptive/amusement park-0.mp4",
                "video_results": 0.9753513336181641,
                "video_sim": 124.844970703125,
                "cnt_per_video": 128
            },
            {
                "video_path": "vbench_eval/videos/hunyuan_adaptive/aquarium-0.mp4",
                "video_results": 0.9631767272949219,
                "video_sim": 123.28662109375,
                "cnt_per_video": 128
            }
        ]
    ]
}