{
    "appearance_style": [
        0.19961688394683033,
        [
            {
                "video_path": "/nfs/oagrawal/mochi/vbench_eval/videos/mochi_fixed_0.04/A beautiful coastal beach in spring, waves lapping on sand, Van Gogh style-0.mp4",
                "video_results": 0.1816612346625767,
                "frame_results": [
                    0.21640625,
                    0.21546875,
                    0.21609375,
                    0.21671875,
                    0.214375,
                    0.21203125,
                    0.2125,
                    0.2040625,
                    0.20859375,
                    0.20015625,
                    0.198125,
                    0.19625,
                    0.2009375,
                    0.18484375,
                    0.17828125,
                    0.17921875,
                    0.17828125,
                    0.1809375,
                    0.17703125,
                    0.170625,
                    0.175,
                    0.16765625,
                    0.16859375,
                    0.16859375,
                    0.1740625,
                    0.174375,
                    0.1740625,
                    0.1715625,
                    0.17265625,
                    0.1728125,
                    0.18015625,
                    0.18328125,
                    0.18046875,
                    0.179375,
                    0.1728125,
                    0.17609375,
                    0.17328125,
                    0.1671875,
                    0.171875,
                    0.16953125,
                    0.17421875,
                    0.16921875,
                    0.169375,
                    0.171875,
                    0.173125,
                    0.17953125,
                    0.18234375,
                    0.17921875,
                    0.1803125,
                    0.1825,
                    0.18625,
                    0.18828125,
                    0.1884375,
                    0.179375,
                    0.17859375,
                    0.181875,
                    0.1790625,
                    0.18296875,
                    0.18109375,
                    0.18171875,
                    0.184375,
                    0.17875,
                    0.1759375,
                    0.1765625,
                    0.1771875,
                    0.17703125,
                    0.17703125,
                    0.1765625,
                    0.17828125,
                    0.17828125,
                    0.17765625,
                    0.17890625,
                    0.18078125,
                    0.18046875,
                    0.18453125,
                    0.18328125,
                    0.18484375,
                    0.18625,
                    0.18734375,
                    0.186875,
                    0.184375,
                    0.18859375,
                    0.191875,
                    0.18953125,
                    0.1890625,
                    0.1934375,
                    0.18703125,
                    0.18140625,
                    0.17828125,
                    0.1809375,
                    0.17875,
                    0.18,
                    0.18453125,
                    0.19234375,
                    0.1896875,
                    0.183125,
                    0.17890625,
                    0.175,
                    0.17609375,
                    0.17375,
                    0.1765625,
                    0.17609375,
                    0.1765625,
                    0.1784375,
                    0.1778125,
                    0.1809375,
                    0.17515625,
                    0.17640625,
                    0.175,
                    0.176875,
                    0.17609375,
                    0.18265625,
                    0.18171875,
                    0.17796875,
                    0.179375,
                    0.1784375,
                    0.18390625,
                    0.18234375,
                    0.17828125,
                    0.17859375,
                    0.18,
                    0.17671875,
                    0.1790625,
                    0.18265625,
                    0.18953125,
                    0.18375,
                    0.185,
                    0.18234375,
                    0.18328125,
                    0.1875,
                    0.18328125,
                    0.175,
                    0.1725,
                    0.1678125,
                    0.17328125,
                    0.170625,
                    0.170625,
                    0.17140625,
                    0.1715625,
                    0.17234375,
                    0.17078125,
                    0.1740625,
                    0.17640625,
                    0.17296875,
                    0.18046875,
                    0.180625,
                    0.18078125,
                    0.1753125,
                    0.173125,
                    0.18453125,
                    0.17859375,
                    0.1871875,
                    0.1765625,
                    0.178125,
                    0.18421875,
                    0.1884375,
                    0.185625,
                    0.188125,
                    0.1890625,
                    0.18890625,
                    0.1859375,
                    0.1890625,
                    0.18296875
                ],
                "cur_sim": 0.18296875
            },
            {
                "video_path": "/nfs/oagrawal/mochi/vbench_eval/videos/mochi_fixed_0.04/A beautiful coastal beach in spring, waves lapping on sand, oil painting-0.mp4",
                "video_results": 0.2446031441717791,