{
    "appearance_style": [
        0.19572466563786003,
        [
            {
                "video_path": "/nfs/oagrawal/wan/Wan2.1/vbench_eval/videos/wan_baseline/A beautiful coastal beach in spring, waves lapping on sand, Van Gogh style-0.mp4",
                "video_results": 0.17451003086419753,
                "frame_results": [
                    0.17859375,
                    0.18109375,
                    0.178125,
                    0.17796875,
                    0.1771875,
                    0.17609375,
                    0.17765625,
                    0.178125,
                    0.18,
                    0.176875,
                    0.1759375,
                    0.175625,
                    0.176875,
                    0.17703125,
                    0.178125,
                    0.1765625,
                    0.17375,
                    0.17390625,
                    0.1728125,
                    0.17203125,
                    0.170625,
                    0.1721875,
                    0.17125,
                    0.17,
                    0.1696875,
                    0.168125,
                    0.16890625,
                    0.16765625,
                    0.1665625,
                    0.16875,
                    0.17046875,
                    0.17234375,
                    0.17359375,
                    0.17203125,
                    0.171875,
                    0.17203125,
                    0.1746875,
                    0.17390625,
                    0.17375,
                    0.17546875,
                    0.17265625,
                    0.17265625,
                    0.1721875,
                    0.17140625,
                    0.17296875,
                    0.17125,
                    0.1740625,
                    0.17484375,
                    0.1746875,
                    0.1734375,
                    0.1746875,
                    0.1740625,
                    0.17171875,
                    0.17296875,
                    0.1740625,
                    0.17484375,
                    0.17515625,
                    0.17328125,
                    0.174375,
                    0.17375,
                    0.17328125,
                    0.17375,
                    0.17640625,
                    0.17734375,
                    0.17359375,
                    0.17359375,
                    0.17078125,
                    0.17421875,
                    0.17453125,
                    0.1746875,
                    0.17390625,
                    0.17609375,
                    0.17671875,
                    0.17609375,
                    0.17828125,
                    0.17921875,
                    0.18046875,
                    0.17984375,
                    0.18171875,
                    0.18171875,
                    0.18171875
                ],
                "cur_sim": 0.18171875
            },
            {
                "video_path": "/nfs/oagrawal/wan/Wan2.1/vbench_eval/videos/wan_baseline/A beautiful coastal beach in spring, waves lapping on sand, oil painting-0.mp4",
                "video_results": 0.21980902777777775,
                "frame_results": [
                    0.21703125,
                    0.21765625,
                    0.2265625,
                    0.21140625,
                    0.21078125,
                    0.21265625,
                    0.20828125,
                    0.21640625,
                    0.21546875,
                    0.2228125,
                    0.22109375,
                    0.21375,
                    0.2209375,
                    0.2190625,
                    0.2134375,
                    0.21234375,
                    0.2090625,
                    0.21859375,
                    0.208125,
                    0.20390625,
                    0.2071875,
                    0.2103125,
                    0.20515625,
                    0.20203125,
                    0.2015625,
                    0.2028125,
                    0.20359375,
                    0.19859375,
                    0.20796875,
                    0.20734375,
                    0.2078125,
                    0.21171875,
                    0.2134375,
                    0.20515625,
                    0.2109375,
                    0.208125,
                    0.21140625,
                    0.21296875,
                    0.21453125,
                    0.21296875,
                    0.2121875,
                    0.2234375,
                    0.2165625,
                    0.21296875,
                    0.21328125,
                    0.21875,
                    0.22265625,
                    0.21421875,
                    0.213125,
                    0.21875,
                    0.22375,
                    0.2140625,
                    0.2221875,
                    0.21578125,
                    0.2115625,
                    0.2128125,
                    0.21390625,
                    0.2225,
                    0.22234375,
                    0.2365625,
                    0.21515625,
                    0.225625,
                    0.2225,
                    0.2234375,
                    0.23140625,
                    0.239375,
                    0.2434375,
                    0.2396875,
                    0.244375,
                    0.2596875,
                    0.2596875,
                    0.24796875,
                    0.2303125,
                    0.249375,
                    0.2375,
                    0.24015625,
                    0.24421875,
                    0.25609375,
                    0.24109375,
                    0.213125,
                    0.22390625
                ],
                "cur_sim": 0.22390625
            },
            {
                "video_path": "/nfs/oagrawal/wan/Wan2.1/vbench_eval/videos/wan_baseline/A beautiful coastal beach in spring, waves lapping on sand by Hokusai, in the style of Ukiyo-0.mp4",
                "video_results": 0.19285493827160494,