{
    "appearance_style": [
        0.191636445473251,
        [
            {
                "video_path": "/nfs/oagrawal/wan/Wan2.1/vbench_eval_easycache/videos/wan_ec_fixed_0.060/A beautiful coastal beach in spring, waves lapping on sand, Van Gogh style-0.mp4",
                "video_results": 0.16960841049382716,
                "frame_results": [
                    0.16421875,
                    0.16796875,
                    0.16859375,
                    0.17015625,
                    0.168125,
                    0.165625,
                    0.166875,
                    0.16765625,
                    0.1671875,
                    0.1653125,
                    0.1659375,
                    0.1675,
                    0.17078125,
                    0.16734375,
                    0.1684375,
                    0.16796875,
                    0.168125,
                    0.1653125,
                    0.16546875,
                    0.1671875,
                    0.16703125,
                    0.16703125,
                    0.16671875,
                    0.1678125,
                    0.16578125,
                    0.16796875,
                    0.16703125,
                    0.16421875,
                    0.16375,
                    0.16578125,
                    0.1671875,
                    0.16890625,
                    0.16859375,
                    0.1703125,
                    0.17,
                    0.17015625,
                    0.16984375,
                    0.1696875,
                    0.1690625,
                    0.1715625,
                    0.17,
                    0.16984375,
                    0.17125,
                    0.17140625,
                    0.17125,
                    0.1725,
                    0.17265625,
                    0.17296875,
                    0.1728125,
                    0.1721875,
                    0.17109375,
                    0.16953125,
                    0.16875,
                    0.16984375,
                    0.16921875,
                    0.17109375,
                    0.1721875,
                    0.170625,
                    0.1728125,
                    0.17265625,
                    0.17171875,
                    0.17,
                    0.16953125,
                    0.1703125,
                    0.1690625,
                    0.17046875,
                    0.1715625,
                    0.17125,
                    0.16984375,
                    0.169375,
                    0.1715625,
                    0.17234375,
                    0.1725,
                    0.17328125,
                    0.1728125,
                    0.17203125,
                    0.17078125,
                    0.17578125,
                    0.1728125,
                    0.175625,
                    0.17671875
                ],
                "cur_sim": 0.17671875
            },
            {
                "video_path": "/nfs/oagrawal/wan/Wan2.1/vbench_eval_easycache/videos/wan_ec_fixed_0.060/A beautiful coastal beach in spring, waves lapping on sand, oil painting-0.mp4",
                "video_results": 0.21099729938271608,
                "frame_results": [
                    0.20171875,
                    0.19953125,
                    0.209375,
                    0.2146875,
                    0.20328125,
                    0.21421875,
                    0.2053125,
                    0.2040625,
                    0.20328125,
                    0.200625,
                    0.20390625,
                    0.2071875,
                    0.205625,
                    0.20359375,
                    0.20125,
                    0.20171875,
                    0.19796875,
                    0.2071875,
                    0.20359375,
                    0.20859375,
                    0.20703125,
                    0.20390625,
                    0.2034375,
                    0.20328125,
                    0.2075,
                    0.2125,
                    0.2078125,
                    0.2015625,
                    0.20015625,
                    0.203125,
                    0.20625,
                    0.2115625,
                    0.20875,
                    0.2046875,
                    0.219375,
                    0.2078125,
                    0.21296875,
                    0.21203125,
                    0.21015625,
                    0.20734375,
                    0.2084375,
                    0.21140625,
                    0.215625,
                    0.20796875,
                    0.20875,
                    0.2121875,
                    0.21625,
                    0.210625,
                    0.20875,
                    0.2125,
                    0.2275,
                    0.21625,
                    0.213125,
                    0.2121875,
                    0.2128125,
                    0.209375,
                    0.21046875,
                    0.20890625,
                    0.2134375,
                    0.21609375,
                    0.213125,
                    0.21390625,
                    0.2134375,
                    0.2128125,
                    0.21671875,
                    0.21671875,
                    0.2165625,
                    0.213125,
                    0.2121875,
                    0.23828125,
                    0.24375,
                    0.22375,
                    0.209375,
                    0.21296875,
                    0.22140625,
                    0.2171875,
                    0.21109375,
                    0.22921875,
                    0.23953125,
                    0.209375,
                    0.205625
                ],
                "cur_sim": 0.205625
            },
            {
                "video_path": "/nfs/oagrawal/wan/Wan2.1/vbench_eval_easycache/videos/wan_ec_fixed_0.060/A beautiful coastal beach in spring, waves lapping on sand by Hokusai, in the style of Ukiyo-0.mp4",
                "video_results": 0.19430362654320987,