{
    "appearance_style": [
        0.19276234567901232,
        [
            {
                "video_path": "/nfs/oagrawal/wan/Wan2.1/vbench_eval_easycache/videos/wan_ec_adaptive/A beautiful coastal beach in spring, waves lapping on sand, Van Gogh style-0.mp4",
                "video_results": 0.17093171296296297,
                "frame_results": [
                    0.16828125,
                    0.171875,
                    0.17125,
                    0.1721875,
                    0.1696875,
                    0.17125,
                    0.170625,
                    0.17,
                    0.17046875,
                    0.16828125,
                    0.1690625,
                    0.16765625,
                    0.17046875,
                    0.16859375,
                    0.1690625,
                    0.16765625,
                    0.16671875,
                    0.16765625,
                    0.1659375,
                    0.16546875,
                    0.16671875,
                    0.1671875,
                    0.16890625,
                    0.16734375,
                    0.16609375,
                    0.16609375,
                    0.16796875,
                    0.1665625,
                    0.16734375,
                    0.16953125,
                    0.1703125,
                    0.17234375,
                    0.17203125,
                    0.17171875,
                    0.17125,
                    0.171875,
                    0.17125,
                    0.17140625,
                    0.17125,
                    0.17265625,
                    0.17046875,
                    0.16859375,
                    0.169375,
                    0.16953125,
                    0.17078125,
                    0.17234375,
                    0.17515625,
                    0.17390625,
                    0.17296875,
                    0.17140625,
                    0.17171875,
                    0.1709375,
                    0.1715625,
                    0.17078125,
                    0.17,
                    0.1740625,
                    0.174375,
                    0.17109375,
                    0.17109375,
                    0.1728125,
                    0.17234375,
                    0.17296875,
                    0.173125,
                    0.17140625,
                    0.17140625,
                    0.1746875,
                    0.17453125,
                    0.17265625,
                    0.17171875,
                    0.17203125,
                    0.1734375,
                    0.17328125,
                    0.17703125,
                    0.17453125,
                    0.17375,
                    0.1734375,
                    0.1721875,
                    0.1759375,
                    0.17265625,
                    0.17375,
                    0.17359375
                ],
                "cur_sim": 0.17359375
            },
            {
                "video_path": "/nfs/oagrawal/wan/Wan2.1/vbench_eval_easycache/videos/wan_ec_adaptive/A beautiful coastal beach in spring, waves lapping on sand, oil painting-0.mp4",
                "video_results": 0.21166087962962962,
                "frame_results": [
                    0.2040625,
                    0.20703125,
                    0.21578125,
                    0.2096875,
                    0.2071875,
                    0.20453125,
                    0.203125,
                    0.2015625,
                    0.21015625,
                    0.2034375,
                    0.1990625,
                    0.1978125,
                    0.20296875,
                    0.20265625,
                    0.20015625,
                    0.19921875,
                    0.20515625,
                    0.20671875,
                    0.20609375,
                    0.19875,
                    0.2028125,
                    0.20125,
                    0.20515625,
                    0.1990625,
                    0.20546875,
                    0.2078125,
                    0.208125,
                    0.20421875,
                    0.20546875,
                    0.20765625,
                    0.2203125,
                    0.20609375,
                    0.20875,
                    0.1996875,
                    0.2146875,
                    0.20296875,
                    0.206875,
                    0.206875,
                    0.21,
                    0.208125,
                    0.20984375,
                    0.21234375,
                    0.21265625,
                    0.20859375,
                    0.20640625,
                    0.20921875,
                    0.211875,
                    0.20890625,
                    0.2109375,
                    0.2121875,
                    0.22578125,
                    0.2178125,
                    0.2121875,
                    0.20796875,
                    0.20828125,
                    0.20875,
                    0.2146875,
                    0.21140625,
                    0.22015625,
                    0.21359375,
                    0.2184375,
                    0.2175,
                    0.21703125,
                    0.22953125,
                    0.215625,
                    0.2203125,
                    0.21875,
                    0.22515625,
                    0.22046875,
                    0.23484375,
                    0.23734375,
                    0.22453125,
                    0.21984375,
                    0.2240625,
                    0.226875,
                    0.22015625,
                    0.2240625,
                    0.220625,
                    0.23625,
                    0.21921875,
                    0.21375
                ],
                "cur_sim": 0.21375
            },
            {
                "video_path": "/nfs/oagrawal/wan/Wan2.1/vbench_eval_easycache/videos/wan_ec_adaptive/A beautiful coastal beach in spring, waves lapping on sand by Hokusai, in the style of Ukiyo-0.mp4",
                "video_results": 0.19569444444444445,