{
    "appearance_style": [
        0.19920396090534978,
        [
            {
                "video_path": "/nfs/oagrawal/wan/Wan2.1/vbench_eval_easycache/videos/wan_ec_fixed_0.225/A beautiful coastal beach in spring, waves lapping on sand, Van Gogh style-0.mp4",
                "video_results": 0.19152006172839506,
                "frame_results": [
                    0.214375,
                    0.18546875,
                    0.1903125,
                    0.20171875,
                    0.2009375,
                    0.184375,
                    0.17984375,
                    0.18015625,
                    0.18234375,
                    0.175625,
                    0.17390625,
                    0.174375,
                    0.1784375,
                    0.17546875,
                    0.1771875,
                    0.18078125,
                    0.1784375,
                    0.1725,
                    0.17875,
                    0.178125,
                    0.18328125,
                    0.17875,
                    0.1828125,
                    0.186875,
                    0.1875,
                    0.1875,
                    0.1825,
                    0.1771875,
                    0.1778125,
                    0.1825,
                    0.18265625,
                    0.19125,
                    0.1959375,
                    0.18765625,
                    0.18578125,
                    0.18828125,
                    0.19234375,
                    0.18046875,
                    0.1825,
                    0.185625,
                    0.18734375,
                    0.18484375,
                    0.18265625,
                    0.18578125,
                    0.1890625,
                    0.18953125,
                    0.18953125,
                    0.1946875,
                    0.200625,
                    0.19265625,
                    0.1890625,
                    0.190625,
                    0.1959375,
                    0.18359375,
                    0.1865625,
                    0.1965625,
                    0.19828125,
                    0.19140625,
                    0.19609375,
                    0.20765625,
                    0.2184375,
                    0.2,
                    0.2046875,
                    0.2090625,
                    0.2140625,
                    0.1909375,
                    0.2009375,
                    0.21203125,
                    0.2090625,
                    0.1953125,
                    0.19484375,
                    0.19421875,
                    0.205,
                    0.189375,
                    0.19890625,
                    0.21359375,
                    0.2175,
                    0.19578125,
                    0.22109375,
                    0.213125,
                    0.2203125
                ],
                "cur_sim": 0.2203125
            },
            {
                "video_path": "/nfs/oagrawal/wan/Wan2.1/vbench_eval_easycache/videos/wan_ec_fixed_0.225/A beautiful coastal beach in spring, waves lapping on sand, oil painting-0.mp4",
                "video_results": 0.21476273148148148,
                "frame_results": [
                    0.2109375,
                    0.209375,
                    0.2121875,
                    0.21265625,
                    0.2178125,
                    0.22015625,
                    0.2175,
                    0.21203125,
                    0.21578125,
                    0.21125,
                    0.2146875,
                    0.21359375,
                    0.213125,
                    0.20921875,
                    0.20921875,
                    0.20953125,
                    0.21390625,
                    0.20890625,
                    0.20859375,
                    0.208125,
                    0.2196875,
                    0.20578125,
                    0.20984375,
                    0.21125,
                    0.2115625,
                    0.20875,
                    0.210625,
                    0.201875,
                    0.19578125,
                    0.206875,
                    0.21203125,
                    0.213125,
                    0.21609375,
                    0.21734375,
                    0.20953125,
                    0.20796875,
                    0.2175,
                    0.20703125,
                    0.216875,
                    0.215625,
                    0.2190625,
                    0.21046875,
                    0.21609375,
                    0.21171875,
                    0.208125,
                    0.2209375,
                    0.23078125,
                    0.22328125,
                    0.21859375,
                    0.2209375,
                    0.2265625,
                    0.225,
                    0.22640625,
                    0.209375,
                    0.21203125,
                    0.2140625,
                    0.2115625,
                    0.214375,
                    0.21703125,
                    0.21421875,
                    0.2171875,
                    0.20953125,
                    0.21,
                    0.21234375,
                    0.21625,
                    0.2121875,
                    0.2140625,
                    0.22109375,
                    0.213125,
                    0.23203125,
                    0.22890625,
                    0.2278125,
                    0.21234375,
                    0.21453125,
                    0.22296875,
                    0.2203125,
                    0.2090625,
                    0.21796875,
                    0.2209375,
                    0.22984375,
                    0.21890625
                ],
                "cur_sim": 0.21890625
            },
            {
                "video_path": "/nfs/oagrawal/wan/Wan2.1/vbench_eval_easycache/videos/wan_ec_fixed_0.225/A beautiful coastal beach in spring, waves lapping on sand by Hokusai, in the style of Ukiyo-0.mp4",
                "video_results": 0.19132908950617283,