{
    "appearance_style": [
        0.2013669478527607,
        [
            {
                "video_path": "/nfs/oagrawal/mochi/vbench_eval/videos/mochi_fixed_0.12/A beautiful coastal beach in spring, waves lapping on sand, Van Gogh style-0.mp4",
                "video_results": 0.1814829371165644,
                "frame_results": [
                    0.215625,
                    0.213125,
                    0.2140625,
                    0.2121875,
                    0.20921875,
                    0.20515625,
                    0.20421875,
                    0.20234375,
                    0.20453125,
                    0.20046875,
                    0.20109375,
                    0.20328125,
                    0.20359375,
                    0.19359375,
                    0.1925,
                    0.1959375,
                    0.2021875,
                    0.19546875,
                    0.19359375,
                    0.1925,
                    0.18609375,
                    0.18953125,
                    0.19125,
                    0.19078125,
                    0.19046875,
                    0.18765625,
                    0.18640625,
                    0.188125,
                    0.19046875,
                    0.1884375,
                    0.185,
                    0.1871875,
                    0.18140625,
                    0.1778125,
                    0.17515625,
                    0.1759375,
                    0.17546875,
                    0.1765625,
                    0.176875,
                    0.17453125,
                    0.1734375,
                    0.17328125,
                    0.17609375,
                    0.17265625,
                    0.1765625,
                    0.18046875,
                    0.1821875,
                    0.1815625,
                    0.18171875,
                    0.183125,
                    0.18171875,
                    0.186875,
                    0.1884375,
                    0.18953125,
                    0.1878125,
                    0.1884375,
                    0.18453125,
                    0.1865625,
                    0.188125,
                    0.18625,
                    0.18953125,
                    0.18625,
                    0.18640625,
                    0.18921875,
                    0.188125,
                    0.19078125,
                    0.18765625,
                    0.18921875,
                    0.1865625,
                    0.18328125,
                    0.18234375,
                    0.18609375,
                    0.18234375,
                    0.1865625,
                    0.1875,
                    0.18890625,
                    0.18828125,
                    0.1884375,
                    0.18734375,
                    0.18390625,
                    0.1759375,
                    0.17609375,
                    0.1753125,
                    0.17796875,
                    0.1790625,
                    0.1828125,
                    0.18796875,
                    0.18765625,
                    0.1825,
                    0.18125,
                    0.18359375,
                    0.1825,
                    0.17984375,
                    0.1809375,
                    0.18296875,
                    0.18578125,
                    0.180625,
                    0.18359375,
                    0.185625,
                    0.17703125,
                    0.1746875,
                    0.17828125,
                    0.175,
                    0.1696875,
                    0.17265625,
                    0.17328125,
                    0.17171875,
                    0.1725,
                    0.1728125,
                    0.17203125,
                    0.17078125,
                    0.1734375,
                    0.17078125,
                    0.17125,
                    0.16765625,
                    0.169375,
                    0.1665625,
                    0.16484375,
                    0.163125,
                    0.1634375,
                    0.16359375,
                    0.1621875,
                    0.16828125,
                    0.1715625,
                    0.1665625,
                    0.1675,
                    0.1678125,
                    0.1721875,
                    0.1746875,
                    0.17171875,
                    0.1715625,
                    0.1734375,
                    0.1690625,
                    0.16703125,
                    0.17265625,
                    0.16625,
                    0.16875,
                    0.1675,
                    0.16640625,
                    0.16796875,
                    0.1709375,
                    0.1725,
                    0.1734375,
                    0.17265625,
                    0.16984375,
                    0.1746875,
                    0.17859375,
                    0.183125,
                    0.17765625,
                    0.18359375,
                    0.1821875,
                    0.17953125,
                    0.1734375,
                    0.1684375,
                    0.17421875,
                    0.17921875,
                    0.17484375,
                    0.17578125,
                    0.1778125,
                    0.17578125,
                    0.1765625,
                    0.17390625,
                    0.1753125
                ],
                "cur_sim": 0.1753125
            },
            {
                "video_path": "/nfs/oagrawal/mochi/vbench_eval/videos/mochi_fixed_0.12/A beautiful coastal beach in spring, waves lapping on sand, oil painting-0.mp4",
                "video_results": 0.25565663343558287,