{
    "appearance_style": [
        0.19221129115226337,
        [
            {
                "video_path": "/nfs/oagrawal/wan/Wan2.1/vbench_eval_easycache/videos/wan_ec_fixed_0.050/A beautiful coastal beach in spring, waves lapping on sand, Van Gogh style-0.mp4",
                "video_results": 0.17081983024691358,
                "frame_results": [
                    0.166875,
                    0.1709375,
                    0.17140625,
                    0.17109375,
                    0.17015625,
                    0.17109375,
                    0.1696875,
                    0.16921875,
                    0.17015625,
                    0.16578125,
                    0.16828125,
                    0.16875,
                    0.1709375,
                    0.16984375,
                    0.16875,
                    0.168125,
                    0.1678125,
                    0.16828125,
                    0.1678125,
                    0.16734375,
                    0.1678125,
                    0.16890625,
                    0.166875,
                    0.16765625,
                    0.1675,
                    0.16578125,
                    0.16703125,
                    0.1659375,
                    0.1659375,
                    0.16875,
                    0.17046875,
                    0.1715625,
                    0.17109375,
                    0.1734375,
                    0.1721875,
                    0.17171875,
                    0.17234375,
                    0.17109375,
                    0.17140625,
                    0.171875,
                    0.17140625,
                    0.16890625,
                    0.16890625,
                    0.16953125,
                    0.170625,
                    0.17265625,
                    0.17609375,
                    0.174375,
                    0.1725,
                    0.1709375,
                    0.17171875,
                    0.17140625,
                    0.17078125,
                    0.1703125,
                    0.17140625,
                    0.17328125,
                    0.17296875,
                    0.1715625,
                    0.1721875,
                    0.1721875,
                    0.17265625,
                    0.170625,
                    0.17125,
                    0.171875,
                    0.1709375,
                    0.174375,
                    0.17265625,
                    0.17203125,
                    0.17078125,
                    0.1725,
                    0.17296875,
                    0.17359375,
                    0.174375,
                    0.17390625,
                    0.17359375,
                    0.17296875,
                    0.1734375,
                    0.17515625,
                    0.1734375,
                    0.1740625,
                    0.17375
                ],
                "cur_sim": 0.17375
            },
            {
                "video_path": "/nfs/oagrawal/wan/Wan2.1/vbench_eval_easycache/videos/wan_ec_fixed_0.050/A beautiful coastal beach in spring, waves lapping on sand, oil painting-0.mp4",
                "video_results": 0.21045331790123456,
                "frame_results": [
                    0.200625,
                    0.20015625,
                    0.20734375,
                    0.21078125,
                    0.20875,
                    0.2078125,
                    0.20484375,
                    0.20203125,
                    0.20078125,
                    0.2053125,
                    0.2053125,
                    0.19859375,
                    0.20015625,
                    0.2028125,
                    0.19921875,
                    0.20078125,
                    0.2003125,
                    0.20609375,
                    0.2075,
                    0.205625,
                    0.20125,
                    0.19734375,
                    0.20421875,
                    0.20390625,
                    0.20390625,
                    0.2165625,
                    0.20171875,
                    0.19859375,
                    0.2021875,
                    0.20359375,
                    0.199375,
                    0.20078125,
                    0.2134375,
                    0.203125,
                    0.208125,
                    0.2075,
                    0.2090625,
                    0.20546875,
                    0.2121875,
                    0.21296875,
                    0.2228125,
                    0.20484375,
                    0.2015625,
                    0.20390625,
                    0.20734375,
                    0.21234375,
                    0.21625,
                    0.211875,
                    0.21625,
                    0.2184375,
                    0.21640625,
                    0.2221875,
                    0.21640625,
                    0.2090625,
                    0.21375,
                    0.21125,
                    0.21328125,
                    0.21828125,
                    0.2090625,
                    0.20984375,
                    0.21359375,
                    0.2165625,
                    0.21171875,
                    0.21265625,
                    0.2196875,
                    0.21578125,
                    0.2178125,
                    0.2134375,
                    0.21296875,
                    0.244375,
                    0.250625,
                    0.21984375,
                    0.2128125,
                    0.22671875,
                    0.21203125,
                    0.226875,
                    0.21734375,
                    0.22796875,
                    0.224375,
                    0.2090625,
                    0.20515625
                ],
                "cur_sim": 0.20515625
            },
            {
                "video_path": "/nfs/oagrawal/wan/Wan2.1/vbench_eval_easycache/videos/wan_ec_fixed_0.050/A beautiful coastal beach in spring, waves lapping on sand by Hokusai, in the style of Ukiyo-0.mp4",
                "video_results": 0.19536072530864199,