{
  "mode": "dicache_fixed_0.60",
  "baseline": "dicache_baseline",
  "num_videos": 33,
  "psnr": {
    "mean": 16.29915068064385,
    "std": 1.6137127837336191
  },
  "ssim": {
    "mean": 0.6199953060940334,
    "std": 0.06695928802305172
  },
  "lpips": {
    "mean": 0.6406206149701532,
    "std": 0.07891687750542621
  }
}