{
  "mode": "dicache_fixed_0.35",
  "baseline": "dicache_baseline",
  "num_videos": 33,
  "psnr": {
    "mean": 18.72834562829014,
    "std": 1.9579076973566711
  },
  "ssim": {
    "mean": 0.6803592840085281,
    "std": 0.06903916865805584
  },
  "lpips": {
    "mean": 0.431493131465298,
    "std": 0.07984259190461131
  }
}