{
  "mode": "dicache_fixed_0.15",
  "baseline": "dicache_baseline",
  "num_videos": 33,
  "psnr": {
    "mean": 20.179046255171038,
    "std": 2.879654443978299
  },
  "ssim": {
    "mean": 0.7194012775595516,
    "std": 0.09422719518148738
  },
  "lpips": {
    "mean": 0.32977995536880145,
    "std": 0.11044931915995182
  }
}