{
  "mode": "dicache_adaptive_0.10_0.30",
  "baseline": "dicache_baseline",
  "num_videos": 33,
  "psnr": {
    "mean": 20.23060539426251,
    "std": 2.8737536477348176
  },
  "ssim": {
    "mean": 0.7235619355101074,
    "std": 0.0931949913212865
  },
  "lpips": {
    "mean": 0.33753697540534894,
    "std": 0.10903753157861876
  }
}