{
  "mode": "dicache_fixed_0.10",
  "baseline": "dicache_baseline",
  "num_videos": 33,
  "psnr": {
    "mean": 20.1462789004691,
    "std": 2.9774952008411657
  },
  "ssim": {
    "mean": 0.7197240918301501,
    "std": 0.0984011476460805
  },
  "lpips": {
    "mean": 0.32788335232316596,
    "std": 0.11562757222089831
  }
}