{
  "mode": "dicache_adaptive_0.15_0.40",
  "baseline": "dicache_baseline",
  "num_videos": 33,
  "psnr": {
    "mean": 19.830618999170923,
    "std": 2.4659340722891585
  },
  "ssim": {
    "mean": 0.7068015373884453,
    "std": 0.0803458270316952
  },
  "lpips": {
    "mean": 0.3801011546399634,
    "std": 0.0900109675775029
  }
}