{
  "mode": "dicache_fixed_0.25",
  "baseline": "dicache_baseline",
  "num_videos": 33,
  "psnr": {
    "mean": 19.791484029063827,
    "std": 2.6150681479482714
  },
  "ssim": {
    "mean": 0.704412820255289,
    "std": 0.08492485892501436
  },
  "lpips": {
    "mean": 0.36350560885221156,
    "std": 0.09381893625852987
  }
}