{
  "mode": "dicache_fixed_0.30",
  "baseline": "dicache_baseline",
  "num_videos": 33,
  "psnr": {
    "mean": 18.968425054561283,
    "std": 2.1032655247776133
  },
  "ssim": {
    "mean": 0.686421245498229,
    "std": 0.07293316019659787
  },
  "lpips": {
    "mean": 0.41034485161696516,
    "std": 0.07779631951354872
  }
}