{
  "mode": "dicache_fixed_0.20",
  "baseline": "dicache_baseline",
  "num_videos": 33,
  "psnr": {
    "mean": 20.10698910975726,
    "std": 2.829159335188472
  },
  "ssim": {
    "mean": 0.7158524570634315,
    "std": 0.09229564579732691
  },
  "lpips": {
    "mean": 0.340111934551687,
    "std": 0.1042664355429127
  }
}