{
  "mode": "dicache_fixed_0.40",
  "baseline": "dicache_baseline",
  "num_videos": 33,
  "psnr": {
    "mean": 17.853751519691603,
    "std": 1.8321110771742901
  },
  "ssim": {
    "mean": 0.6598529402166371,
    "std": 0.06846509391708337
  },
  "lpips": {
    "mean": 0.4876880732981677,
    "std": 0.0865860551662749
  }
}