{
  "mode": "dicache_fixed_0.05",
  "baseline": "dicache_baseline",
  "num_videos": 33,
  "psnr": {
    "mean": 30.957443790288508,
    "std": 5.9699866763135025
  },
  "ssim": {
    "mean": 0.9037381226984885,
    "std": 0.06401542993830467
  },
  "lpips": {
    "mean": 0.08754440643823544,
    "std": 0.0785767767416076
  }
}