{
  "mode": "dicache_adaptive_0.05_0.20",
  "baseline": "dicache_baseline",
  "num_videos": 33,
  "psnr": {
    "mean": 27.080640188006562,
    "std": 3.9198420000747514
  },
  "ssim": {
    "mean": 0.8585559071058296,
    "std": 0.06513382080324048
  },
  "lpips": {
    "mean": 0.1442325371869971,
    "std": 0.07143764616737992
  }
}