{
    "appearance_style": [
        0.21683191872427976,
        [
            {
                "video_path": "/nfs/oagrawal/wan/Wan2.1/dicache_results/videos/wan_dc_adaptive_hi0.25_lo0.10/A beautiful coastal beach in spring, waves lapping on sand, Van Gogh style-0.mp4",
                "video_results": 0.19677083333333334,
                "frame_results": [
                    0.19140625,
                    0.19359375,
                    0.19359375,
                    0.195625,
                    0.19703125,
                    0.19953125,
                    0.19546875,
                    0.1971875,
                    0.19890625,
                    0.1965625,
                    0.1971875,
                    0.1971875,
                    0.19859375,
                    0.198125,
                    0.1978125,
                    0.19953125,
                    0.1975,
                    0.1971875,
                    0.19765625,
                    0.199375,
                    0.200625,
                    0.1996875,
                    0.19828125,
                    0.2009375,
                    0.1990625,
                    0.1990625,
                    0.1959375,
                    0.1940625,
                    0.19015625,
                    0.19234375,
                    0.19546875,
                    0.191875,
                    0.1903125,
                    0.1934375,
                    0.19390625,
                    0.195,
                    0.19203125,
                    0.19265625,
                    0.19078125,
                    0.1928125,
                    0.19203125,
                    0.195,
                    0.19625,
                    0.196875,
                    0.19625,
                    0.19875,
                    0.1984375,
                    0.19890625,
                    0.19546875,
                    0.19390625,
                    0.193125,
                    0.19453125,
                    0.19765625,
                    0.2009375,
                    0.20109375,
                    0.20171875,
                    0.19875,
                    0.19609375,
                    0.1978125,
                    0.1971875,
                    0.1978125,
                    0.19640625,
                    0.19515625,
                    0.19984375,
                    0.19671875,
                    0.1946875,
                    0.1990625,
                    0.1996875,
                    0.20140625,
                    0.1978125,
                    0.1990625,
                    0.2015625,
                    0.20140625,
                    0.1984375,
                    0.19609375,
                    0.20046875,
                    0.19703125,
                    0.1959375,
                    0.19546875,
                    0.1990625,
                    0.19703125
                ],
                "cur_sim": 0.19703125
            },
            {
                "video_path": "/nfs/oagrawal/wan/Wan2.1/dicache_results/videos/wan_dc_adaptive_hi0.25_lo0.10/A beautiful coastal beach in spring, waves lapping on sand, oil painting-0.mp4",
                "video_results": 0.20891975308641975,
                "frame_results": [
                    0.2234375,
                    0.20375,
                    0.21421875,
                    0.2175,
                    0.223125,
                    0.2275,
                    0.215625,
                    0.2259375,
                    0.2303125,
                    0.219375,
                    0.225625,
                    0.21546875,
                    0.20984375,
                    0.21734375,
                    0.2125,
                    0.21578125,
                    0.211875,
                    0.225625,
                    0.219375,
                    0.22234375,
                    0.22296875,
                    0.22359375,
                    0.2240625,
                    0.20875,
                    0.2059375,
                    0.22578125,
                    0.2103125,
                    0.21875,
                    0.20921875,
                    0.2075,
                    0.20796875,
                    0.20640625,
                    0.2009375,
                    0.20625,
                    0.21453125,
                    0.19640625,
                    0.2028125,
                    0.21046875,
                    0.21390625,
                    0.21375,
                    0.21046875,
                    0.20015625,
                    0.19578125,
                    0.195625,
                    0.200625,
                    0.20421875,
                    0.201875,
                    0.20078125,
                    0.1984375,
                    0.20203125,
                    0.19,
                    0.19140625,
                    0.2025,
                    0.19484375,
                    0.19265625,
                    0.189375,
                    0.1971875,
                    0.188125,
                    0.193125,
                    0.19078125,
                    0.196875,
                    0.19921875,
                    0.21421875,
                    0.21234375,
                    0.20078125,
                    0.2078125,
                    0.2153125,
                    0.20625,
                    0.20265625,
                    0.21375,
                    0.21140625,
                    0.20953125,
                    0.20875,
                    0.21515625,
                    0.213125,
                    0.20671875,
                    0.20203125,
                    0.206875,
                    0.2109375,
                    0.21109375,
                    0.21078125
                ],
                "cur_sim": 0.21078125
            },
            {
                "video_path": "/nfs/oagrawal/wan/Wan2.1/dicache_results/videos/wan_dc_adaptive_hi0.25_lo0.10/A beautiful coastal beach in spring, waves lapping on sand by Hokusai, in the style of Ukiyo-0.mp4",
                "video_results": 0.24480516975308642,