{
    "appearance_style": [
        0.23042824074074078,
        [
            {
                "video_path": "/nfs/oagrawal/wan/Wan2.1/dicache_results/videos/wan_dc_fixed_0.30/A beautiful coastal beach in spring, waves lapping on sand, Van Gogh style-0.mp4",
                "video_results": 0.21516975308641975,
                "frame_results": [
                    0.22609375,
                    0.2253125,
                    0.22453125,
                    0.21765625,
                    0.21234375,
                    0.21203125,
                    0.21875,
                    0.21109375,
                    0.2128125,
                    0.215625,
                    0.2190625,
                    0.221875,
                    0.2190625,
                    0.2221875,
                    0.21390625,
                    0.215625,
                    0.21609375,
                    0.216875,
                    0.21171875,
                    0.2165625,
                    0.21671875,
                    0.21359375,
                    0.21296875,
                    0.20609375,
                    0.21109375,
                    0.20609375,
                    0.206875,
                    0.2165625,
                    0.21765625,
                    0.20984375,
                    0.2096875,
                    0.21625,
                    0.21,
                    0.20921875,
                    0.211875,
                    0.21046875,
                    0.221875,
                    0.2159375,
                    0.21265625,
                    0.21515625,
                    0.21203125,
                    0.218125,
                    0.20953125,
                    0.2109375,
                    0.20625,
                    0.21328125,
                    0.210625,
                    0.215,
                    0.21734375,
                    0.22328125,
                    0.21953125,
                    0.21625,
                    0.21734375,
                    0.21140625,
                    0.20734375,
                    0.21109375,
                    0.20734375,
                    0.20953125,
                    0.21140625,
                    0.21234375,
                    0.21234375,
                    0.2171875,
                    0.2184375,
                    0.21578125,
                    0.21734375,
                    0.22765625,
                    0.22828125,
                    0.21625,
                    0.2246875,
                    0.2196875,
                    0.2128125,
                    0.21390625,
                    0.215,
                    0.2171875,
                    0.2209375,
                    0.21546875,
                    0.21796875,
                    0.2171875,
                    0.214375,
                    0.2096875,
                    0.21671875
                ],
                "cur_sim": 0.21671875
            },
            {
                "video_path": "/nfs/oagrawal/wan/Wan2.1/dicache_results/videos/wan_dc_fixed_0.30/A beautiful coastal beach in spring, waves lapping on sand, oil painting-0.mp4",
                "video_results": 0.21965663580246914,
                "frame_results": [
                    0.23375,
                    0.22734375,
                    0.22921875,
                    0.233125,
                    0.2228125,
                    0.2165625,
                    0.2134375,
                    0.21765625,
                    0.2209375,
                    0.21953125,
                    0.22078125,
                    0.21875,
                    0.221875,
                    0.224375,
                    0.2090625,
                    0.213125,
                    0.21328125,
                    0.210625,
                    0.21859375,
                    0.21359375,
                    0.2178125,
                    0.21890625,
                    0.21359375,
                    0.21453125,
                    0.21546875,
                    0.22421875,
                    0.21734375,
                    0.21921875,
                    0.22265625,
                    0.2259375,
                    0.2253125,
                    0.221875,
                    0.22578125,
                    0.2240625,
                    0.21578125,
                    0.2215625,
                    0.21484375,
                    0.219375,
                    0.2153125,
                    0.21171875,
                    0.21328125,
                    0.22171875,
                    0.22828125,
                    0.223125,
                    0.2275,
                    0.2190625,
                    0.21953125,
                    0.22078125,
                    0.2184375,
                    0.21921875,
                    0.2253125,
                    0.22015625,
                    0.22484375,
                    0.21828125,
                    0.21734375,
                    0.22046875,
                    0.223125,
                    0.22390625,
                    0.21453125,
                    0.21375,
                    0.21328125,
                    0.21359375,
                    0.21625,
                    0.21203125,
                    0.2175,
                    0.22953125,
                    0.2246875,
                    0.2246875,
                    0.22140625,
                    0.2259375,
                    0.21984375,
                    0.21625,
                    0.21875,
                    0.21828125,
                    0.2228125,
                    0.21859375,
                    0.22171875,
                    0.21640625,
                    0.21359375,
                    0.21625,
                    0.214375
                ],
                "cur_sim": 0.214375
            },
            {
                "video_path": "/nfs/oagrawal/wan/Wan2.1/dicache_results/videos/wan_dc_fixed_0.30/A beautiful coastal beach in spring, waves lapping on sand by Hokusai, in the style of Ukiyo-0.mp4",
                "video_results": 0.25645833333333334,