{
    "appearance_style": [
        0.15310380329457368,
        [
            {
                "video_path": "vbench_eval/videos/hunyuan_fixed_0.2/A beautiful coastal beach in spring, waves lapping on sand, Van Gogh style-0.mp4",
                "video_results": 0.13734980620155038,
                "frame_results": [
                    0.143046875,
                    0.143515625,
                    0.143046875,
                    0.1446875,
                    0.143125,
                    0.1428125,
                    0.1434375,
                    0.1428125,
                    0.14296875,
                    0.141328125,
                    0.142109375,
                    0.14171875,
                    0.140390625,
                    0.140625,
                    0.140625,
                    0.139921875,
                    0.141171875,
                    0.140859375,
                    0.14015625,
                    0.140234375,
                    0.140390625,
                    0.139921875,
                    0.1409375,
                    0.140390625,
                    0.140234375,
                    0.140859375,
                    0.14125,
                    0.140625,
                    0.1403125,
                    0.1390625,
                    0.139375,
                    0.139921875,
                    0.139453125,
                    0.13765625,
                    0.137734375,
                    0.13765625,
                    0.1378125,
                    0.138359375,
                    0.13875,
                    0.138515625,
                    0.138125,
                    0.136796875,
                    0.136640625,
                    0.13703125,
                    0.136015625,
                    0.136015625,
                    0.136484375,
                    0.138203125,
                    0.137265625,
                    0.13625,
                    0.135703125,
                    0.135625,
                    0.135546875,
                    0.135390625,
                    0.136328125,
                    0.136328125,
                    0.135703125,
                    0.13578125,
                    0.135625,
                    0.136796875,
                    0.13671875,
                    0.13625,
                    0.13578125,
                    0.135859375,
                    0.13734375,
                    0.13640625,
                    0.1365625,
                    0.13640625,
                    0.13703125,
                    0.1365625,
                    0.1365625,
                    0.13703125,
                    0.13609375,
                    0.134921875,
                    0.134921875,
                    0.135,
                    0.135234375,
                    0.13546875,
                    0.135546875,
                    0.1359375,
                    0.136796875,
                    0.13671875,
                    0.136875,
                    0.136640625,
                    0.136875,
                    0.135859375,
                    0.136484375,
                    0.13671875,
                    0.137265625,
                    0.136328125,
                    0.135390625,
                    0.135078125,
                    0.1346875,
                    0.13484375,
                    0.13390625,
                    0.1346875,
                    0.134921875,
                    0.1340625,
                    0.134140625,
                    0.1340625,
                    0.13515625,
                    0.134921875,
                    0.135234375,
                    0.1353125,
                    0.1353125,
                    0.135,
                    0.134140625,
                    0.1346875,
                    0.134921875,
                    0.135,
                    0.13515625,
                    0.1346875,
                    0.135078125,
                    0.13578125,
                    0.13640625,
                    0.135234375,
                    0.136328125,
                    0.13640625,
                    0.136328125,
                    0.13609375,
                    0.135859375,
                    0.136015625,
                    0.136015625,
                    0.13609375,
                    0.13578125,
                    0.135703125,
                    0.135,
                    0.135625,
                    0.135390625
                ],
                "cur_sim": 0.135390625
            },
            {
                "video_path": "vbench_eval/videos/hunyuan_fixed_0.2/A beautiful coastal beach in spring, waves lapping on sand, oil painting-0.mp4",
                "video_results": 0.160030886627907,