{
    "background_consistency": [
        0.9642925262451172,
        [
            {
                "video_path": "vbench_eval/videos/hunyuan_fixed_0.2/alley-0.mp4",
                "video_results": 0.9487056732177734,
                "video_sim": 121.434326171875,
                "cnt_per_video": 128
            },
            {
                "video_path": "vbench_eval/videos/hunyuan_fixed_0.2/amusement park-0.mp4",
                "video_results": 0.9714393615722656,
                "video_sim": 124.34423828125,
                "cnt_per_video": 128
            },
            {
                "video_path": "vbench_eval/videos/hunyuan_fixed_0.2/aquarium-0.mp4",
                "video_results": 0.9727325439453125,
                "video_sim": 124.509765625,
                "cnt_per_video": 128
            }
        ]
    ]
}