{
    "appearance_style": [
        0.1937480709876543,
        [
            {
                "video_path": "/nfs/oagrawal/wan/Wan2.1/vbench_eval_easycache/videos/wan_ec_fixed_0.025/A beautiful coastal beach in spring, waves lapping on sand, Van Gogh style-0.mp4",
                "video_results": 0.1708989197530864,
                "frame_results": [
                    0.169375,
                    0.171875,
                    0.17109375,
                    0.1721875,
                    0.17109375,
                    0.168125,
                    0.1675,
                    0.16890625,
                    0.1696875,
                    0.1678125,
                    0.1675,
                    0.16765625,
                    0.17,
                    0.16921875,
                    0.169375,
                    0.168125,
                    0.166875,
                    0.16625,
                    0.1665625,
                    0.1659375,
                    0.165625,
                    0.168125,
                    0.16734375,
                    0.1684375,
                    0.16828125,
                    0.16671875,
                    0.1684375,
                    0.1678125,
                    0.16734375,
                    0.16890625,
                    0.17171875,
                    0.17125,
                    0.17125,
                    0.1715625,
                    0.17078125,
                    0.17125,
                    0.17125,
                    0.16984375,
                    0.1703125,
                    0.17328125,
                    0.1696875,
                    0.16953125,
                    0.17109375,
                    0.1703125,
                    0.17265625,
                    0.17046875,
                    0.17390625,
                    0.1725,
                    0.17125,
                    0.17,
                    0.169375,
                    0.16953125,
                    0.16921875,
                    0.169375,
                    0.17015625,
                    0.171875,
                    0.1734375,
                    0.17171875,
                    0.17171875,
                    0.17328125,
                    0.17328125,
                    0.170625,
                    0.1728125,
                    0.17140625,
                    0.17109375,
                    0.17328125,
                    0.17296875,
                    0.17234375,
                    0.17125,
                    0.1740625,
                    0.175625,
                    0.1753125,
                    0.17640625,
                    0.17640625,
                    0.17484375,
                    0.1746875,
                    0.17578125,
                    0.17671875,
                    0.1746875,
                    0.17546875,
                    0.17796875
                ],
                "cur_sim": 0.17796875
            },
            {
                "video_path": "/nfs/oagrawal/wan/Wan2.1/vbench_eval_easycache/videos/wan_ec_fixed_0.025/A beautiful coastal beach in spring, waves lapping on sand, oil painting-0.mp4",
                "video_results": 0.21496334876543213,
                "frame_results": [
                    0.2103125,
                    0.2165625,
                    0.2134375,
                    0.215625,
                    0.21109375,
                    0.21203125,
                    0.2153125,
                    0.21,
                    0.21109375,
                    0.2096875,
                    0.206875,
                    0.20578125,
                    0.210625,
                    0.2046875,
                    0.19921875,
                    0.19734375,
                    0.20203125,
                    0.2178125,
                    0.206875,
                    0.1975,
                    0.2034375,
                    0.19765625,
                    0.205625,
                    0.20265625,
                    0.2128125,
                    0.2084375,
                    0.2128125,
                    0.21375,
                    0.20984375,
                    0.203125,
                    0.20546875,
                    0.20359375,
                    0.203125,
                    0.2078125,
                    0.2246875,
                    0.21265625,
                    0.21109375,
                    0.21953125,
                    0.206875,
                    0.2053125,
                    0.20859375,
                    0.20703125,
                    0.2121875,
                    0.21453125,
                    0.21125,
                    0.20859375,
                    0.2190625,
                    0.21265625,
                    0.2090625,
                    0.21296875,
                    0.2246875,
                    0.2221875,
                    0.21578125,
                    0.2096875,
                    0.21203125,
                    0.21234375,
                    0.21234375,
                    0.2159375,
                    0.22125,
                    0.22046875,
                    0.2246875,
                    0.221875,
                    0.2246875,
                    0.2284375,
                    0.220625,
                    0.22765625,
                    0.2315625,
                    0.22390625,
                    0.225625,
                    0.24125,
                    0.235625,
                    0.23203125,
                    0.221875,
                    0.2359375,
                    0.22984375,
                    0.22328125,
                    0.22953125,
                    0.22734375,
                    0.2390625,
                    0.21953125,
                    0.22078125
                ],
                "cur_sim": 0.22078125
            },
            {
                "video_path": "/nfs/oagrawal/wan/Wan2.1/vbench_eval_easycache/videos/wan_ec_fixed_0.025/A beautiful coastal beach in spring, waves lapping on sand by Hokusai, in the style of Ukiyo-0.mp4",
                "video_results": 0.19538194444444446,