{
    "appearance_style": [
        0.20033950617283944,
        [
            {
                "video_path": "/nfs/oagrawal/wan/Wan2.1/vbench_eval_easycache/videos/wan_ec_fixed_0.200/A beautiful coastal beach in spring, waves lapping on sand, Van Gogh style-0.mp4",
                "video_results": 0.18875192901234567,
                "frame_results": [
                    0.18171875,
                    0.18640625,
                    0.18546875,
                    0.19359375,
                    0.19296875,
                    0.1846875,
                    0.18125,
                    0.1784375,
                    0.18234375,
                    0.17921875,
                    0.17625,
                    0.18140625,
                    0.1834375,
                    0.179375,
                    0.17546875,
                    0.17765625,
                    0.1765625,
                    0.17546875,
                    0.17828125,
                    0.17890625,
                    0.18171875,
                    0.18359375,
                    0.18296875,
                    0.18359375,
                    0.18484375,
                    0.184375,
                    0.1809375,
                    0.17828125,
                    0.1759375,
                    0.18109375,
                    0.18265625,
                    0.191875,
                    0.19109375,
                    0.19046875,
                    0.18796875,
                    0.1809375,
                    0.18375,
                    0.18078125,
                    0.18546875,
                    0.1846875,
                    0.18765625,
                    0.18375,
                    0.1884375,
                    0.1853125,
                    0.18765625,
                    0.19109375,
                    0.19171875,
                    0.1884375,
                    0.19,
                    0.19015625,
                    0.18734375,
                    0.18109375,
                    0.1815625,
                    0.18421875,
                    0.18359375,
                    0.195625,
                    0.1946875,
                    0.19421875,
                    0.19703125,
                    0.19359375,
                    0.2028125,
                    0.19484375,
                    0.20390625,
                    0.19921875,
                    0.2015625,
                    0.19859375,
                    0.2025,
                    0.20453125,
                    0.20140625,
                    0.19703125,
                    0.19265625,
                    0.18859375,
                    0.19765625,
                    0.19171875,
                    0.19609375,
                    0.19953125,
                    0.198125,
                    0.2015625,
                    0.20828125,
                    0.20984375,
                    0.2153125
                ],
                "cur_sim": 0.2153125
            },
            {
                "video_path": "/nfs/oagrawal/wan/Wan2.1/vbench_eval_easycache/videos/wan_ec_fixed_0.200/A beautiful coastal beach in spring, waves lapping on sand, oil painting-0.mp4",
                "video_results": 0.22269483024691358,
                "frame_results": [
                    0.21578125,
                    0.2071875,
                    0.2115625,
                    0.21375,
                    0.2140625,
                    0.2153125,
                    0.2184375,
                    0.21359375,
                    0.21109375,
                    0.21609375,
                    0.21640625,
                    0.2196875,
                    0.2171875,
                    0.21703125,
                    0.2096875,
                    0.2125,
                    0.2134375,
                    0.2103125,
                    0.21296875,
                    0.21421875,
                    0.2134375,
                    0.205,
                    0.21015625,
                    0.20953125,
                    0.2084375,
                    0.21609375,
                    0.20796875,
                    0.20859375,
                    0.20453125,
                    0.2140625,
                    0.21609375,
                    0.22484375,
                    0.22296875,
                    0.2190625,
                    0.2209375,
                    0.219375,
                    0.2215625,
                    0.2228125,
                    0.22953125,
                    0.23328125,
                    0.24390625,
                    0.231875,
                    0.23046875,
                    0.22875,
                    0.221875,
                    0.23140625,
                    0.2440625,
                    0.24171875,
                    0.23265625,
                    0.236875,
                    0.236875,
                    0.22828125,
                    0.228125,
                    0.22265625,
                    0.21546875,
                    0.22,
                    0.2265625,
                    0.218125,
                    0.2290625,
                    0.22140625,
                    0.218125,
                    0.2184375,
                    0.21796875,
                    0.21921875,
                    0.23,
                    0.22640625,
                    0.22765625,
                    0.2328125,
                    0.22484375,
                    0.24734375,
                    0.24515625,
                    0.25171875,
                    0.234375,
                    0.2425,
                    0.2365625,
                    0.24,
                    0.2215625,
                    0.229375,
                    0.220625,
                    0.23015625,
                    0.2246875
                ],
                "cur_sim": 0.2246875
            },
            {
                "video_path": "/nfs/oagrawal/wan/Wan2.1/vbench_eval_easycache/videos/wan_ec_fixed_0.200/A beautiful coastal beach in spring, waves lapping on sand by Hokusai, in the style of Ukiyo-0.mp4",
                "video_results": 0.18957175925925926,