{
  "mode": "mochi_adaptive_0.12_0.04",
  "baseline": "mochi_diff_baseline",
  "num_videos": 33,
  "psnr": {
    "mean": 17.673449180624765,
    "std": 3.690860979365621
  },
  "ssim": {
    "mean": 0.6960107067180491,
    "std": 0.13487711295581833
  },
  "lpips": {
    "mean": 0.34557538693568196,
    "std": 0.14374319717466247
  }
}