{
  "mode": "mochi_fixed_0.04",
  "baseline": "mochi_diff_baseline",
  "num_videos": 33,
  "psnr": {
    "mean": 21.623163989907713,
    "std": 4.5029151558632226
  },
  "ssim": {
    "mean": 0.7856674336689176,
    "std": 0.12129454790903411
  },
  "lpips": {
    "mean": 0.22532581493741888,
    "std": 0.12867917160293466
  }
}