{
  "mode": "mochi_adaptive_f34s14l16",
  "baseline": "mochi_diff_baseline",
  "num_videos": 33,
  "psnr": {
    "mean": 17.68694069660695,
    "std": 3.6633816637712115
  },
  "ssim": {
    "mean": 0.6977244572652177,
    "std": 0.13295645794573924
  },
  "lpips": {
    "mean": 0.3455412077580182,
    "std": 0.14382270843505776
  }
}