{
  "mode": "mochi_fixed_0.12",
  "baseline": "mochi_diff_baseline",
  "num_videos": 33,
  "psnr": {
    "mean": 17.53301697023885,
    "std": 3.2461618194507595
  },
  "ssim": {
    "mean": 0.6977358406196167,
    "std": 0.1273718451125062
  },
  "lpips": {
    "mean": 0.35470729670985124,
    "std": 0.13449471732619336
  }
}