{
  "mode": "mochi_adaptive_f34s14l16",
  "baseline": "mochi_diff_baseline",
  "start_idx": 0,
  "end_idx": 9,
  "num_videos": 9,
  "psnr_scores": [
    23.61629009662883,
    22.95783287829459,
    22.384835625768417,
    23.014868250586844,
    17.720838505415692,
    21.896906257351787,
    22.21678532747402,
    17.15709029991963,
    12.459281443831554
  ],
  "ssim_scores": [
    0.8470355036772744,
    0.849124514813395,
    0.8471790779541527,
    0.8823237190882137,
    0.6928514228272304,
    0.8502601718755146,
    0.7701874221780781,
    0.6780006402387565,
    0.6225955163572942
  ],
  "lpips_scores": [
    0.09363858570898968,
    0.10864689863898272,
    0.17222692611758694,
    0.10397762878357998,
    0.29845787502505294,
    0.13422136767510257,
    0.21913124374085408,
    0.36669836984090276,
    0.5028839164350661
  ]
}