{
  "mode": "mochi_adaptive_f34s14l16",
  "baseline": "mochi_diff_baseline",
  "start_idx": 27,
  "end_idx": 33,
  "num_videos": 6,
  "psnr_scores": [
    16.21066303118316,
    16.183288868077867,
    27.315715751834283,
    16.55298724662535,
    13.623841576431786,
    16.088616346106487
  ],
  "ssim_scores": [
    0.6512982191728303,
    0.5524429814445972,
    0.9347433469358393,
    0.6625582261350877,
    0.47218041619602,
    0.6922817250241066
  ],
  "lpips_scores": [
    0.6098251244041817,
    0.42043796455933274,
    0.17782679510994193,
    0.3941467972986537,
    0.47573652223575336,
    0.4302783308584997
  ]
}