{
  "mode": "mochi_adaptive_f34s14l16",
  "baseline": "mochi_diff_baseline",
  "start_idx": 18,
  "end_idx": 27,
  "num_videos": 9,
  "psnr_scores": [
    15.994884187012067,
    15.411302151677969,
    12.511137114870799,
    18.856661961014122,
    14.703070979994088,
    19.023597257516453,
    20.82721309801295,
    14.130060663521592,
    19.983275128478557
  ],
  "ssim_scores": [
    0.6453057118991447,
    0.5899674437579463,
    0.3245049413285263,
    0.658318526602648,
    0.6685370240337717,
    0.7659230969120376,
    0.8605049317075356,
    0.7019729789755987,
    0.8561948239330558
  ],
  "lpips_scores": [
    0.4170781492821278,
    0.482490387613788,
    0.6015416391056739,
    0.3646395175369239,
    0.3808549810772293,
    0.26736984104832257,
    0.14740644404493228,
    0.400583046345623,
    0.2601747968079854
  ]
}