{
  "mode": "mochi_adaptive_f34s14l16",
  "baseline": "mochi_diff_baseline",
  "start_idx": 9,
  "end_idx": 18,
  "num_videos": 9,
  "psnr_scores": [
    19.273816173262546,
    13.82597598356611,
    13.872136162300702,
    17.003889935519254,
    12.966145568972811,
    16.52348972760236,
    18.360248144229814,
    13.865382557159181,
    17.136914687787627
  ],
  "ssim_scores": [
    0.7638168035864861,
    0.5505575948189317,
    0.7567864995018635,
    0.7599538601651746,
    0.5174843334990075,
    0.6016499814830342,
    0.7270287673947583,
    0.5367415530401146,
    0.7345953131941564
  ],
  "lpips_scores": [
    0.28702716337391204,
    0.530337548329055,
    0.34150357754683935,
    0.3291715204350056,
    0.544578327174567,
    0.41492442265610024,
    0.2917188426102597,
    0.5018051348946577,
    0.3315201696991189
  ]
}