{
  "mode": "wan_dc_fixed_0.20",
  "baseline": "wan_dc_baseline",
  "num_videos": 33,
  "psnr": {
    "mean": 11.748922494755638,
    "std": 2.1314211761439616
  },
  "ssim": {
    "mean": 0.28176028818497806,
    "std": 0.11092360182445629
  },
  "lpips": {
    "mean": 0.6357379204273403,
    "std": 0.12368045502338147
  }
}