{
  "mode": "wan_dc_adaptive_hi0.225_lo0.10",
  "baseline": "wan_dc_baseline",
  "num_videos": 33,
  "psnr": {
    "mean": 12.588610976724008,
    "std": 1.9903113548196671
  },
  "ssim": {
    "mean": 0.3156893784679978,
    "std": 0.12482973344443116
  },
  "lpips": {
    "mean": 0.5806226338891558,
    "std": 0.11688215045883532
  }
}