{
  "mode": "wan_dc_fixed_0.10",
  "baseline": "wan_dc_baseline",
  "num_videos": 33,
  "psnr": {
    "mean": 12.553315984039473,
    "std": 1.933384911594213
  },
  "ssim": {
    "mean": 0.31325004323921174,
    "std": 0.12075640351422962
  },
  "lpips": {
    "mean": 0.5558648770260445,
    "std": 0.10727730011594258
  }
}