{
  "mode": "wan_dc_fixed_0.15",
  "baseline": "wan_dc_baseline",
  "num_videos": 33,
  "psnr": {
    "mean": 12.158952893231719,
    "std": 1.9578407592942446
  },
  "ssim": {
    "mean": 0.293320761057367,
    "std": 0.12145575258407347
  },
  "lpips": {
    "mean": 0.5832437810282827,
    "std": 0.11247939270228662
  }
}