{
  "mode": "wan_dc_fixed_0.225",
  "baseline": "wan_dc_baseline",
  "num_videos": 33,
  "psnr": {
    "mean": 11.794593612525016,
    "std": 2.0045596448280176
  },
  "ssim": {
    "mean": 0.28228906498770817,
    "std": 0.11086771528331567
  },
  "lpips": {
    "mean": 0.6435543924536636,
    "std": 0.11812434678125014
  }
}