{
  "mode": "wan_dc_adaptive_hi0.25_lo0.10",
  "baseline": "wan_dc_baseline",
  "num_videos": 33,
  "psnr": {
    "mean": 12.537671682916692,
    "std": 2.017537407993911
  },
  "ssim": {
    "mean": 0.3143678912331183,
    "std": 0.12352589392440326
  },
  "lpips": {
    "mean": 0.5929607631024734,
    "std": 0.12078369446066975
  }
}