{
  "mode": "wan_dc_fixed_0.05",
  "baseline": "wan_dc_baseline",
  "num_videos": 33,
  "psnr": {
    "mean": 13.82571792565777,
    "std": 2.204209462830645
  },
  "ssim": {
    "mean": 0.38016067902812695,
    "std": 0.15105914490914346
  },
  "lpips": {
    "mean": 0.4789745336000588,
    "std": 0.12339185198598662
  }
}