{
  "mode": "wan_dc_adaptive_hi0.25_lo0.15",
  "baseline": "wan_dc_baseline",
  "num_videos": 33,
  "psnr": {
    "mean": 12.222504235945301,
    "std": 1.908536104979835
  },
  "ssim": {
    "mean": 0.293091569995508,
    "std": 0.12542697453802398
  },
  "lpips": {
    "mean": 0.6053578917158707,
    "std": 0.11106453481898595
  }
}