{
  "mode": "wan_dc_adaptive_hi0.25_lo0.05",
  "baseline": "wan_dc_baseline",
  "num_videos": 33,
  "psnr": {
    "mean": 13.384045270194212,
    "std": 2.437314269069812
  },
  "ssim": {
    "mean": 0.3687754573235126,
    "std": 0.1466756056012519
  },
  "lpips": {
    "mean": 0.5204436748277771,
    "std": 0.13250023825762178
  }
}