{
  "mode": "wan_dc_fixed_0.25",
  "baseline": "wan_dc_baseline",
  "num_videos": 33,
  "psnr": {
    "mean": 11.699825182841975,
    "std": 2.0453943503961103
  },
  "ssim": {
    "mean": 0.2841315573733138,
    "std": 0.10915776736457848
  },
  "lpips": {
    "mean": 0.6577644412811,
    "std": 0.11806921831220084
  }
}