{
  "mode": "wan_dc_adaptive_hi0.225_lo0.05",
  "baseline": "wan_dc_baseline",
  "num_videos": 33,
  "psnr": {
    "mean": 13.45052215527646,
    "std": 2.356459152868453
  },
  "ssim": {
    "mean": 0.37058451197318304,
    "std": 0.14669783048209908
  },
  "lpips": {
    "mean": 0.508404337193049,
    "std": 0.12192981841864235
  }
}