{
  "mode": "wan_dc_adaptive_hi0.225_lo0.15",
  "baseline": "wan_dc_baseline",
  "num_videos": 33,
  "psnr": {
    "mean": 12.19762804713087,
    "std": 1.943715457145988
  },
  "ssim": {
    "mean": 0.2939130415587904,
    "std": 0.12573771045272827
  },
  "lpips": {
    "mean": 0.5985001476347068,
    "std": 0.11149119977174407
  }
}