{
    "appearance_style": [
        0.15398417312661491,
        [
            {
                "video_path": "dicache_results/videos/dicache_adaptive_0.05_0.20/A beautiful coastal beach in spring, waves lapping on sand, Van Gogh style-0.mp4",
                "video_results": 0.13591024709302324,
                "frame_results": [
                    0.137734375,
                    0.137109375,
                    0.1365625,
                    0.13796875,
                    0.13796875,
                    0.136796875,
                    0.135234375,
                    0.136953125,
                    0.136640625,
                    0.136953125,
                    0.13765625,
                    0.1378125,
                    0.13765625,
                    0.138125,
                    0.13734375,
                    0.1371875,
                    0.137421875,
                    0.137109375,
                    0.137578125,
                    0.1375,
                    0.137890625,
                    0.13640625,
                    0.13640625,
                    0.13578125,
                    0.13640625,
                    0.1353125,
                    0.1353125,
                    0.1359375,
                    0.13671875,
                    0.137265625,
                    0.1359375,
                    0.135859375,
                    0.1365625,
                    0.135390625,
                    0.13546875,
                    0.136328125,
                    0.13625,
                    0.136484375,
                    0.13640625,
                    0.136640625,
                    0.137578125,
                    0.137890625,
                    0.13765625,
                    0.138671875,
                    0.138359375,
                    0.137265625,
                    0.13609375,
                    0.136640625,
                    0.138671875,
                    0.13796875,
                    0.138984375,
                    0.139921875,
                    0.139609375,
                    0.13640625,
                    0.136953125,
                    0.1365625,
                    0.13640625,
                    0.135546875,
                    0.13609375,
                    0.136875,
                    0.136875,
                    0.136171875,
                    0.136484375,
                    0.13703125,
                    0.1365625,
                    0.13640625,
                    0.137265625,
                    0.137578125,
                    0.137734375,
                    0.136015625,
                    0.135390625,
                    0.13484375,
                    0.135234375,
                    0.13375,
                    0.134296875,
                    0.134296875,
                    0.13546875,
                    0.135546875,
                    0.13609375,
                    0.136953125,
                    0.136484375,
                    0.136484375,
                    0.136796875,
                    0.136640625,
                    0.136640625,
                    0.13578125,
                    0.135625,
                    0.13578125,
                    0.136875,
                    0.135625,
                    0.135546875,
                    0.136171875,
                    0.13671875,
                    0.1359375,
                    0.13484375,
                    0.133828125,
                    0.134140625,
                    0.133359375,
                    0.132578125,
                    0.133125,
                    0.134765625,
                    0.135390625,
                    0.13515625,
                    0.135078125,
                    0.13515625,
                    0.134375,
                    0.13453125,
                    0.1346875,
                    0.13515625,
                    0.13484375,
                    0.134375,
                    0.13421875,
                    0.135078125,
                    0.1340625,
                    0.13359375,
                    0.133828125,
                    0.134453125,
                    0.134296875,
                    0.133203125,
                    0.132578125,
                    0.1325,
                    0.13234375,
                    0.132890625,
                    0.132890625,
                    0.132890625,
                    0.132734375,
                    0.13296875,
                    0.132578125,
                    0.132578125
                ],
                "cur_sim": 0.132578125
            },
            {
                "video_path": "dicache_results/videos/dicache_adaptive_0.05_0.20/A beautiful coastal beach in spring, waves lapping on sand, oil painting-0.mp4",
                "video_results": 0.1602404312015504,