{
    "appearance_style": [
        0.18824266975308646,
        [
            {
                "video_path": "/nfs/oagrawal/wan/Wan2.1/vbench_eval/videos/wan_fixed_0.2/A beautiful coastal beach in spring, waves lapping on sand, Van Gogh style-0.mp4",
                "video_results": 0.1687210648148148,
                "frame_results": [
                    0.161875,
                    0.16046875,
                    0.16125,
                    0.16,
                    0.16203125,
                    0.1678125,
                    0.170625,
                    0.16765625,
                    0.16796875,
                    0.165,
                    0.16265625,
                    0.1634375,
                    0.16234375,
                    0.161875,
                    0.1653125,
                    0.16515625,
                    0.16484375,
                    0.168125,
                    0.1675,
                    0.16703125,
                    0.16796875,
                    0.1696875,
                    0.17125,
                    0.17015625,
                    0.1709375,
                    0.17171875,
                    0.16828125,
                    0.16640625,
                    0.1653125,
                    0.16859375,
                    0.16828125,
                    0.1678125,
                    0.17109375,
                    0.16703125,
                    0.16859375,
                    0.1675,
                    0.16796875,
                    0.17015625,
                    0.16921875,
                    0.16578125,
                    0.170625,
                    0.17046875,
                    0.17015625,
                    0.1684375,
                    0.16828125,
                    0.16859375,
                    0.17109375,
                    0.17296875,
                    0.17359375,
                    0.1696875,
                    0.169375,
                    0.1690625,
                    0.1715625,
                    0.1690625,
                    0.1684375,
                    0.16859375,
                    0.17,
                    0.16796875,
                    0.1678125,
                    0.168125,
                    0.16765625,
                    0.16765625,
                    0.1696875,
                    0.16921875,
                    0.170625,
                    0.17171875,
                    0.17125,
                    0.171875,
                    0.1721875,
                    0.17078125,
                    0.17375,
                    0.1740625,
                    0.1746875,
                    0.1728125,
                    0.173125,
                    0.17078125,
                    0.17140625,
                    0.17578125,
                    0.1725,
                    0.17125,
                    0.17296875
                ],
                "cur_sim": 0.17296875
            },
            {
                "video_path": "/nfs/oagrawal/wan/Wan2.1/vbench_eval/videos/wan_fixed_0.2/A beautiful coastal beach in spring, waves lapping on sand, oil painting-0.mp4",
                "video_results": 0.20905285493827166,
                "frame_results": [
                    0.196875,
                    0.20171875,
                    0.206875,
                    0.20328125,
                    0.20375,
                    0.20828125,
                    0.20109375,
                    0.20640625,
                    0.20328125,
                    0.20421875,
                    0.2103125,
                    0.2078125,
                    0.214375,
                    0.211875,
                    0.21390625,
                    0.2,
                    0.20015625,
                    0.204375,
                    0.2121875,
                    0.20734375,
                    0.20765625,
                    0.2059375,
                    0.2128125,
                    0.20390625,
                    0.20046875,
                    0.20484375,
                    0.199375,
                    0.196875,
                    0.196875,
                    0.201875,
                    0.19875,
                    0.19875,
                    0.19671875,
                    0.20078125,
                    0.1965625,
                    0.203125,
                    0.208125,
                    0.21734375,
                    0.20953125,
                    0.20578125,
                    0.2140625,
                    0.20609375,
                    0.2084375,
                    0.215625,
                    0.21359375,
                    0.21265625,
                    0.20453125,
                    0.211875,
                    0.21390625,
                    0.21875,
                    0.20890625,
                    0.21671875,
                    0.2075,
                    0.204375,
                    0.20921875,
                    0.21734375,
                    0.22390625,
                    0.2178125,
                    0.21859375,
                    0.2209375,
                    0.2171875,
                    0.20921875,
                    0.21515625,
                    0.2075,
                    0.2034375,
                    0.21734375,
                    0.226875,
                    0.20953125,
                    0.209375,
                    0.2159375,
                    0.216875,
                    0.2109375,
                    0.21765625,
                    0.21125,
                    0.211875,
                    0.215,
                    0.2146875,
                    0.20953125,
                    0.2159375,
                    0.211875,
                    0.21703125
                ],
                "cur_sim": 0.21703125
            },
            {
                "video_path": "/nfs/oagrawal/wan/Wan2.1/vbench_eval/videos/wan_fixed_0.2/A beautiful coastal beach in spring, waves lapping on sand by Hokusai, in the style of Ukiyo-0.mp4",
                "video_results": 0.18695408950617284,