{
  "wan_fixed_0.1": {
    "mode": "wan_fixed_0.1",
    "baseline": "wan_baseline",
    "num_videos": 33,
    "psnr": {
      "mean": 19.851433722056033,
      "std": 3.1721989363920478
    },
    "ssim": {
      "mean": 0.6795961318012969,
      "std": 0.1374993829946337
    },
    "lpips": {
      "mean": 0.19447813323133453,
      "std": 0.061906430720811756
    }
  },
  "wan_fixed_0.2": {
    "mode": "wan_fixed_0.2",
    "baseline": "wan_baseline",
    "num_videos": 33,
    "psnr": {
      "mean": 17.101127770002982,
      "std": 2.410645762033196
    },
    "ssim": {
      "mean": 0.5340894090305572,
      "std": 0.14316110538451138
    },
    "lpips": {
      "mean": 0.3370892700940939,
      "std": 0.08149752640710457
    }
  },
  "wan_adaptive": {
    "mode": "wan_adaptive",
    "baseline": "wan_baseline",
    "num_videos": 33,
    "psnr": {
      "mean": 18.304459241682906,
      "std": 2.723071805035656
    },
    "ssim": {
      "mean": 0.5952429781107533,
      "std": 0.1364064153938258
    },
    "lpips": {
      "mean": 0.27381042078878837,
      "std": 0.06733827538090281
    }
  }
}