{
  "mode": "wan_fixed_0.2",
  "baseline": "wan_baseline",
  "num_videos": 33,
  "psnr": {
    "mean": 17.101127770002982,
    "std": 2.410645762033196
  },
  "ssim": {
    "mean": 0.5340894090305572,
    "std": 0.14316110538451138
  },
  "lpips": {
    "mean": 0.3370892700940939,
    "std": 0.08149752640710457
  }
}