{
  "mode": "wan_fixed_0.1",
  "baseline": "wan_baseline",
  "num_videos": 33,
  "psnr": {
    "mean": 19.851433722056033,
    "std": 3.1721989363920478
  },
  "ssim": {
    "mean": 0.6795961318012969,
    "std": 0.1374993829946337
  },
  "lpips": {
    "mean": 0.19447813323133453,
    "std": 0.061906430720811756
  }
}