{
  "mode": "wan_adaptive",
  "baseline": "wan_baseline",
  "num_videos": 33,
  "psnr": {
    "mean": 18.304459241682906,
    "std": 2.723071805035656
  },
  "ssim": {
    "mean": 0.5952429781107533,
    "std": 0.1364064153938258
  },
  "lpips": {
    "mean": 0.27381042078878837,
    "std": 0.06733827538090281
  }
}