{
    "appearance_style": [
        0.226366383744856,
        [
            {
                "video_path": "/nfs/oagrawal/wan/Wan2.1/dicache_results/videos/wan_dc_adaptive_hi0.225_lo0.15/A beautiful coastal beach in spring, waves lapping on sand, Van Gogh style-0.mp4",
                "video_results": 0.22864197530864197,
                "frame_results": [
                    0.2309375,
                    0.22875,
                    0.228125,
                    0.2275,
                    0.22484375,
                    0.22515625,
                    0.2296875,
                    0.228125,
                    0.2309375,
                    0.2296875,
                    0.2303125,
                    0.22703125,
                    0.226875,
                    0.23515625,
                    0.2346875,
                    0.23625,
                    0.234375,
                    0.23625,
                    0.23796875,
                    0.2396875,
                    0.23890625,
                    0.236875,
                    0.233125,
                    0.23125,
                    0.22578125,
                    0.22875,
                    0.234375,
                    0.23109375,
                    0.2315625,
                    0.2240625,
                    0.21984375,
                    0.21921875,
                    0.21671875,
                    0.2184375,
                    0.22296875,
                    0.218125,
                    0.2240625,
                    0.21875,
                    0.2259375,
                    0.221875,
                    0.22171875,
                    0.22875,
                    0.23265625,
                    0.229375,
                    0.2265625,
                    0.21765625,
                    0.21890625,
                    0.21890625,
                    0.218125,
                    0.2246875,
                    0.221875,
                    0.2259375,
                    0.228125,
                    0.22921875,
                    0.22890625,
                    0.22828125,
                    0.225625,
                    0.2284375,
                    0.22671875,
                    0.22828125,
                    0.23015625,
                    0.22421875,
                    0.2315625,
                    0.223125,
                    0.2271875,
                    0.23046875,
                    0.22984375,
                    0.2334375,
                    0.23046875,
                    0.225,
                    0.231875,
                    0.23640625,
                    0.23640625,
                    0.23375,
                    0.23546875,
                    0.23203125,
                    0.2346875,
                    0.2315625,
                    0.23828125,
                    0.235,
                    0.23625
                ],
                "cur_sim": 0.23625
            },
            {
                "video_path": "/nfs/oagrawal/wan/Wan2.1/dicache_results/videos/wan_dc_adaptive_hi0.225_lo0.15/A beautiful coastal beach in spring, waves lapping on sand, oil painting-0.mp4",
                "video_results": 0.20788194444444447,
                "frame_results": [
                    0.21390625,
                    0.2128125,
                    0.210625,
                    0.208125,
                    0.20515625,
                    0.21109375,
                    0.21109375,
                    0.21015625,
                    0.21515625,
                    0.2146875,
                    0.21859375,
                    0.2134375,
                    0.21265625,
                    0.2140625,
                    0.2146875,
                    0.209375,
                    0.2115625,
                    0.21609375,
                    0.21390625,
                    0.21046875,
                    0.21296875,
                    0.20890625,
                    0.20703125,
                    0.2046875,
                    0.2065625,
                    0.20515625,
                    0.21109375,
                    0.204375,
                    0.21140625,
                    0.2065625,
                    0.2034375,
                    0.21140625,
                    0.20703125,
                    0.2084375,
                    0.20609375,
                    0.20875,
                    0.20546875,
                    0.2084375,
                    0.20921875,
                    0.2078125,
                    0.20578125,
                    0.21203125,
                    0.21078125,
                    0.20796875,
                    0.2046875,
                    0.201875,
                    0.20734375,
                    0.20953125,
                    0.2028125,
                    0.1978125,
                    0.19796875,
                    0.2028125,
                    0.2003125,
                    0.20359375,
                    0.2071875,
                    0.20703125,
                    0.20265625,
                    0.2075,
                    0.2053125,
                    0.2046875,
                    0.20921875,
                    0.20125,
                    0.1996875,
                    0.19765625,
                    0.1984375,
                    0.2025,
                    0.204375,
                    0.20375,
                    0.2040625,
                    0.208125,
                    0.2084375,
                    0.20875,
                    0.20796875,
                    0.21359375,
                    0.2078125,
                    0.21078125,
                    0.208125,
                    0.2059375,
                    0.2096875,
                    0.20890625,
                    0.2171875
                ],
                "cur_sim": 0.2171875
            },
            {
                "video_path": "/nfs/oagrawal/wan/Wan2.1/dicache_results/videos/wan_dc_adaptive_hi0.225_lo0.15/A beautiful coastal beach in spring, waves lapping on sand by Hokusai, in the style of Ukiyo-0.mp4",
                "video_results": 0.24257523148148147,