{
    "spatial_relationship": [
        0.6296642756158818,
        [
            {
                "video_path": "/nfs/oagrawal/wan/Wan2.1/dicache_results/videos/wan_dc_adaptive_hi0.225_lo0.15/a bicycle on the left of a car, front view-0.mp4",
                "video_results": 1.0,
                "frame_results": [
                    1,
                    1,
                    1,
                    1,
                    1,
                    1,
                    1,
                    1,
                    1,
                    1,
                    1,
                    1,
                    1,
                    1,
                    1,
                    1
                ]
            },
            {
                "video_path": "/nfs/oagrawal/wan/Wan2.1/dicache_results/videos/wan_dc_adaptive_hi0.225_lo0.15/a car on the right of a motorcycle, front view-0.mp4",
                "video_results": 0.874822390992382,
                "frame_results": [
                    1,
                    1,
                    1,
                    1,
                    0.7854848484848485,
                    1,
                    1,
                    1,
                    1,
                    1,
                    0.6569661859566951,
                    0.6485475985044579,
                    0.6034285714285715,
                    0.6572254335260116,
                    0.6455056179775281,
                    1
                ]
            },
            {
                "video_path": "/nfs/oagrawal/wan/Wan2.1/dicache_results/videos/wan_dc_adaptive_hi0.225_lo0.15/a motorcycle on the left of a bus, front view-0.mp4",
                "video_results": 0.01417043585526316,
                "frame_results": [
                    0,
                    0.22672697368421055,
                    0,
                    0,
                    0,
                    0,
                    0,
                    0,
                    0,
                    0,
                    0,
                    0,
                    0,
                    0,
                    0,
                    0
                ]
            }
        ]
    ]
}