{
    "appearance_style": [
        0.1533773417312663,
        [
            {
                "video_path": "vbench_eval/videos/hunyuan_fixed_0.1/A beautiful coastal beach in spring, waves lapping on sand, Van Gogh style-0.mp4",
                "video_results": 0.1382624757751938,
                "frame_results": [
                    0.142265625,
                    0.14140625,
                    0.140625,
                    0.14015625,
                    0.140234375,
                    0.138359375,
                    0.13796875,
                    0.138359375,
                    0.138125,
                    0.13828125,
                    0.13796875,
                    0.1378125,
                    0.1384375,
                    0.138359375,
                    0.1384375,
                    0.138984375,
                    0.139375,
                    0.138671875,
                    0.138984375,
                    0.138359375,
                    0.138984375,
                    0.138515625,
                    0.138515625,
                    0.138515625,
                    0.139375,
                    0.139375,
                    0.140234375,
                    0.140703125,
                    0.140625,
                    0.14,
                    0.13984375,
                    0.139453125,
                    0.13953125,
                    0.138671875,
                    0.138984375,
                    0.1384375,
                    0.1390625,
                    0.13765625,
                    0.1375,
                    0.138828125,
                    0.1384375,
                    0.137109375,
                    0.13796875,
                    0.13828125,
                    0.138046875,
                    0.138125,
                    0.138203125,
                    0.138203125,
                    0.13796875,
                    0.13796875,
                    0.13796875,
                    0.13796875,
                    0.138046875,
                    0.137421875,
                    0.13828125,
                    0.137734375,
                    0.138125,
                    0.13796875,
                    0.139609375,
                    0.14109375,
                    0.1415625,
                    0.141171875,
                    0.141171875,
                    0.14078125,
                    0.14234375,
                    0.140078125,
                    0.140234375,
                    0.14046875,
                    0.14015625,
                    0.138046875,
                    0.13890625,
                    0.13921875,
                    0.139609375,
                    0.138515625,
                    0.13890625,
                    0.1390625,
                    0.13953125,
                    0.14015625,
                    0.1396875,
                    0.13953125,
                    0.1396875,
                    0.138359375,
                    0.1375,
                    0.13796875,
                    0.1378125,
                    0.138359375,
                    0.1384375,
                    0.13796875,
                    0.138359375,
                    0.137890625,
                    0.136875,
                    0.1371875,
                    0.137421875,
                    0.13671875,
                    0.1365625,
                    0.136875,
                    0.13703125,
                    0.136875,
                    0.1359375,
                    0.136640625,
                    0.137109375,
                    0.13703125,
                    0.136640625,
                    0.136640625,
                    0.137734375,
                    0.13671875,
                    0.136328125,
                    0.13671875,
                    0.13734375,
                    0.136796875,
                    0.1371875,
                    0.136875,
                    0.136640625,
                    0.136640625,
                    0.136953125,
                    0.137109375,
                    0.137578125,
                    0.135625,
                    0.135859375,
                    0.13546875,
                    0.136328125,
                    0.135703125,
                    0.135546875,
                    0.135390625,
                    0.13609375,
                    0.135546875,
                    0.13640625,
                    0.135546875,
                    0.136171875
                ],
                "cur_sim": 0.136171875
            },
            {
                "video_path": "vbench_eval/videos/hunyuan_fixed_0.1/A beautiful coastal beach in spring, waves lapping on sand, oil painting-0.mp4",
                "video_results": 0.16024769864341087,