{
    "appearance_style": [
        0.19745756172839501,
        [
            {
                "video_path": "/nfs/oagrawal/wan/Wan2.1/dicache_results/videos/wan_dc_baseline/A beautiful coastal beach in spring, waves lapping on sand, Van Gogh style-0.mp4",
                "video_results": 0.17567322530864196,
                "frame_results": [
                    0.174375,
                    0.17453125,
                    0.17578125,
                    0.1759375,
                    0.175625,
                    0.1753125,
                    0.1746875,
                    0.1734375,
                    0.17421875,
                    0.17171875,
                    0.1728125,
                    0.1728125,
                    0.17453125,
                    0.1734375,
                    0.175,
                    0.1765625,
                    0.17640625,
                    0.17796875,
                    0.17390625,
                    0.17203125,
                    0.17390625,
                    0.17359375,
                    0.17390625,
                    0.1725,
                    0.17171875,
                    0.171875,
                    0.17234375,
                    0.1696875,
                    0.16890625,
                    0.16984375,
                    0.17015625,
                    0.1703125,
                    0.17171875,
                    0.1734375,
                    0.17328125,
                    0.17375,
                    0.17546875,
                    0.17609375,
                    0.17421875,
                    0.1775,
                    0.17421875,
                    0.174375,
                    0.173125,
                    0.1728125,
                    0.17453125,
                    0.17625,
                    0.17734375,
                    0.1753125,
                    0.175,
                    0.174375,
                    0.17546875,
                    0.1740625,
                    0.17203125,
                    0.171875,
                    0.1740625,
                    0.1740625,
                    0.174375,
                    0.17609375,
                    0.17796875,
                    0.17953125,
                    0.17921875,
                    0.1784375,
                    0.18,
                    0.17953125,
                    0.179375,
                    0.17671875,
                    0.17734375,
                    0.1775,
                    0.17875,
                    0.18015625,
                    0.18171875,
                    0.17953125,
                    0.179375,
                    0.17921875,
                    0.17921875,
                    0.18125,
                    0.18046875,
                    0.1846875,
                    0.18484375,
                    0.18359375,
                    0.18640625
                ],
                "cur_sim": 0.18640625
            },
            {
                "video_path": "/nfs/oagrawal/wan/Wan2.1/dicache_results/videos/wan_dc_baseline/A beautiful coastal beach in spring, waves lapping on sand, oil painting-0.mp4",
                "video_results": 0.21817515432098766,
                "frame_results": [
                    0.2159375,
                    0.21515625,
                    0.21640625,
                    0.20859375,
                    0.2146875,
                    0.2171875,
                    0.21625,
                    0.216875,
                    0.2134375,
                    0.223125,
                    0.20875,
                    0.21171875,
                    0.2071875,
                    0.2075,
                    0.20453125,
                    0.20796875,
                    0.203125,
                    0.2028125,
                    0.20859375,
                    0.19875,
                    0.20796875,
                    0.20203125,
                    0.20984375,
                    0.20875,
                    0.20203125,
                    0.2109375,
                    0.2115625,
                    0.201875,
                    0.2025,
                    0.21078125,
                    0.2028125,
                    0.20859375,
                    0.20359375,
                    0.20125,
                    0.2103125,
                    0.2115625,
                    0.21421875,
                    0.2121875,
                    0.21328125,
                    0.21625,
                    0.2165625,
                    0.22046875,
                    0.22015625,
                    0.21078125,
                    0.20875,
                    0.2203125,
                    0.21375,
                    0.21296875,
                    0.2134375,
                    0.2153125,
                    0.23109375,
                    0.221875,
                    0.2159375,
                    0.206875,
                    0.21140625,
                    0.211875,
                    0.21234375,
                    0.21359375,
                    0.21375,
                    0.21578125,
                    0.20921875,
                    0.22421875,
                    0.21921875,
                    0.2203125,
                    0.219375,
                    0.22671875,
                    0.23640625,
                    0.23390625,
                    0.23078125,
                    0.244375,
                    0.25265625,
                    0.24734375,
                    0.23984375,
                    0.25640625,
                    0.24015625,
                    0.2515625,
                    0.2603125,
                    0.2521875,
                    0.24625,
                    0.2346875,
                    0.23828125
                ],
                "cur_sim": 0.23828125
            },
            {
                "video_path": "/nfs/oagrawal/wan/Wan2.1/dicache_results/videos/wan_dc_baseline/A beautiful coastal beach in spring, waves lapping on sand by Hokusai, in the style of Ukiyo-0.mp4",
                "video_results": 0.19852430555555559,