{
    "appearance_style": [
        0.19122556584362146,
        [
            {
                "video_path": "/nfs/oagrawal/wan/Wan2.1/vbench_eval_easycache/videos/wan_ec_fixed_0.070/A beautiful coastal beach in spring, waves lapping on sand, Van Gogh style-0.mp4",
                "video_results": 0.1687770061728395,
                "frame_results": [
                    0.16546875,
                    0.1671875,
                    0.1678125,
                    0.16796875,
                    0.166875,
                    0.165,
                    0.16546875,
                    0.1659375,
                    0.1671875,
                    0.16234375,
                    0.16328125,
                    0.1659375,
                    0.1678125,
                    0.1675,
                    0.16734375,
                    0.166875,
                    0.16640625,
                    0.165,
                    0.16390625,
                    0.16453125,
                    0.16359375,
                    0.16515625,
                    0.16625,
                    0.1671875,
                    0.16515625,
                    0.16296875,
                    0.1640625,
                    0.16265625,
                    0.16328125,
                    0.16609375,
                    0.166875,
                    0.1690625,
                    0.16890625,
                    0.1703125,
                    0.1690625,
                    0.16859375,
                    0.16828125,
                    0.16828125,
                    0.16921875,
                    0.17109375,
                    0.169375,
                    0.17,
                    0.170625,
                    0.1715625,
                    0.171875,
                    0.1728125,
                    0.17609375,
                    0.1734375,
                    0.1734375,
                    0.171875,
                    0.17109375,
                    0.16953125,
                    0.168125,
                    0.16828125,
                    0.169375,
                    0.1715625,
                    0.17046875,
                    0.16859375,
                    0.16890625,
                    0.1696875,
                    0.1690625,
                    0.16546875,
                    0.170625,
                    0.1696875,
                    0.16921875,
                    0.17046875,
                    0.17109375,
                    0.16890625,
                    0.1671875,
                    0.1696875,
                    0.17,
                    0.17171875,
                    0.17265625,
                    0.17203125,
                    0.17234375,
                    0.17078125,
                    0.17109375,
                    0.17625,
                    0.1746875,
                    0.17828125,
                    0.17703125
                ],
                "cur_sim": 0.17703125
            },
            {
                "video_path": "/nfs/oagrawal/wan/Wan2.1/vbench_eval_easycache/videos/wan_ec_fixed_0.070/A beautiful coastal beach in spring, waves lapping on sand, oil painting-0.mp4",
                "video_results": 0.21179591049382718,
                "frame_results": [
                    0.1978125,
                    0.19828125,
                    0.206875,
                    0.20328125,
                    0.20203125,
                    0.2059375,
                    0.20328125,
                    0.20015625,
                    0.1996875,
                    0.20734375,
                    0.20953125,
                    0.2053125,
                    0.2034375,
                    0.20640625,
                    0.20265625,
                    0.2009375,
                    0.19765625,
                    0.20234375,
                    0.203125,
                    0.2075,
                    0.203125,
                    0.204375,
                    0.21375,
                    0.20453125,
                    0.20671875,
                    0.20453125,
                    0.20578125,
                    0.20265625,
                    0.2003125,
                    0.20640625,
                    0.20984375,
                    0.21140625,
                    0.20875,
                    0.20765625,
                    0.21109375,
                    0.22,
                    0.2159375,
                    0.2121875,
                    0.2103125,
                    0.21171875,
                    0.20859375,
                    0.21109375,
                    0.21234375,
                    0.20578125,
                    0.20953125,
                    0.2134375,
                    0.21875,
                    0.21546875,
                    0.213125,
                    0.21765625,
                    0.23390625,
                    0.2259375,
                    0.22109375,
                    0.2125,
                    0.215,
                    0.21609375,
                    0.21578125,
                    0.213125,
                    0.21234375,
                    0.21359375,
                    0.2115625,
                    0.20890625,
                    0.2115625,
                    0.2153125,
                    0.2321875,
                    0.21984375,
                    0.21875,
                    0.2225,
                    0.21265625,
                    0.23015625,
                    0.23359375,
                    0.24328125,
                    0.21671875,
                    0.21515625,
                    0.22359375,
                    0.21484375,
                    0.2228125,
                    0.22171875,
                    0.22265625,
                    0.2096875,
                    0.208125
                ],
                "cur_sim": 0.208125
            },
            {
                "video_path": "/nfs/oagrawal/wan/Wan2.1/vbench_eval_easycache/videos/wan_ec_fixed_0.070/A beautiful coastal beach in spring, waves lapping on sand by Hokusai, in the style of Ukiyo-0.mp4",
                "video_results": 0.19310378086419755,