{
    "appearance_style": [
        0.19050925925925935,
        [
            {
                "video_path": "/nfs/oagrawal/wan/Wan2.1/vbench_eval_easycache/videos/wan_ec_adaptive_16_075_020/A beautiful coastal beach in spring, waves lapping on sand, Van Gogh style-0.mp4",
                "video_results": 0.16969328703703704,
                "frame_results": [
                    0.1659375,
                    0.1690625,
                    0.16796875,
                    0.17,
                    0.16890625,
                    0.16640625,
                    0.1684375,
                    0.17015625,
                    0.17171875,
                    0.16578125,
                    0.16390625,
                    0.16546875,
                    0.16703125,
                    0.165625,
                    0.1653125,
                    0.1659375,
                    0.16640625,
                    0.16375,
                    0.163125,
                    0.161875,
                    0.16328125,
                    0.165,
                    0.1625,
                    0.164375,
                    0.16265625,
                    0.164375,
                    0.1634375,
                    0.1625,
                    0.16296875,
                    0.163125,
                    0.165625,
                    0.1696875,
                    0.16703125,
                    0.16765625,
                    0.16828125,
                    0.1665625,
                    0.16671875,
                    0.17,
                    0.17140625,
                    0.17265625,
                    0.170625,
                    0.1703125,
                    0.17125,
                    0.17265625,
                    0.1721875,
                    0.17625,
                    0.17375,
                    0.17390625,
                    0.1734375,
                    0.1725,
                    0.17109375,
                    0.17046875,
                    0.16875,
                    0.16921875,
                    0.17,
                    0.1684375,
                    0.1678125,
                    0.17015625,
                    0.17125,
                    0.17234375,
                    0.17328125,
                    0.17453125,
                    0.17515625,
                    0.175,
                    0.1740625,
                    0.17671875,
                    0.17671875,
                    0.1765625,
                    0.17359375,
                    0.174375,
                    0.173125,
                    0.1709375,
                    0.1734375,
                    0.174375,
                    0.17125,
                    0.173125,
                    0.171875,
                    0.17546875,
                    0.17546875,
                    0.17828125,
                    0.17875
                ],
                "cur_sim": 0.17875
            },
            {
                "video_path": "/nfs/oagrawal/wan/Wan2.1/vbench_eval_easycache/videos/wan_ec_adaptive_16_075_020/A beautiful coastal beach in spring, waves lapping on sand, oil painting-0.mp4",
                "video_results": 0.21148919753086418,
                "frame_results": [
                    0.20328125,
                    0.20171875,
                    0.2071875,
                    0.20890625,
                    0.20796875,
                    0.2109375,
                    0.2121875,
                    0.21078125,
                    0.2125,
                    0.2,
                    0.2025,
                    0.20328125,
                    0.20390625,
                    0.2021875,
                    0.20171875,
                    0.20296875,
                    0.206875,
                    0.20125,
                    0.2025,
                    0.2009375,
                    0.20171875,
                    0.20171875,
                    0.21671875,
                    0.21015625,
                    0.21515625,
                    0.215625,
                    0.20625,
                    0.20578125,
                    0.2121875,
                    0.2065625,
                    0.20578125,
                    0.20734375,
                    0.21140625,
                    0.2075,
                    0.21171875,
                    0.214375,
                    0.2115625,
                    0.21015625,
                    0.211875,
                    0.215625,
                    0.2159375,
                    0.21625,
                    0.21734375,
                    0.21046875,
                    0.2096875,
                    0.21078125,
                    0.213125,
                    0.21296875,
                    0.21359375,
                    0.21640625,
                    0.23015625,
                    0.2228125,
                    0.2184375,
                    0.2115625,
                    0.20765625,
                    0.20265625,
                    0.2071875,
                    0.2078125,
                    0.21734375,
                    0.20921875,
                    0.20796875,
                    0.2071875,
                    0.20890625,
                    0.20703125,
                    0.21296875,
                    0.21953125,
                    0.219375,
                    0.2190625,
                    0.22515625,
                    0.226875,
                    0.225,
                    0.22453125,
                    0.2153125,
                    0.21296875,
                    0.21921875,
                    0.22078125,
                    0.2115625,
                    0.2140625,
                    0.22953125,
                    0.21875,
                    0.210625
                ],
                "cur_sim": 0.210625
            },
            {
                "video_path": "/nfs/oagrawal/wan/Wan2.1/vbench_eval_easycache/videos/wan_ec_adaptive_16_075_020/A beautiful coastal beach in spring, waves lapping on sand by Hokusai, in the style of Ukiyo-0.mp4",
                "video_results": 0.19034529320987653,