{
    "appearance_style": [
        0.19335712448559664,
        [
            {
                "video_path": "/nfs/oagrawal/wan/Wan2.1/vbench_eval_easycache/videos/wan_ec_adaptive_16_100_020/A beautiful coastal beach in spring, waves lapping on sand, Van Gogh style-0.mp4",
                "video_results": 0.17475887345679014,
                "frame_results": [
                    0.17171875,
                    0.1740625,
                    0.17203125,
                    0.1771875,
                    0.176875,
                    0.1728125,
                    0.17296875,
                    0.1734375,
                    0.17265625,
                    0.1684375,
                    0.16828125,
                    0.16765625,
                    0.16953125,
                    0.16828125,
                    0.1671875,
                    0.17,
                    0.16921875,
                    0.1665625,
                    0.168125,
                    0.1675,
                    0.16953125,
                    0.16828125,
                    0.16890625,
                    0.1715625,
                    0.17140625,
                    0.16859375,
                    0.16796875,
                    0.1634375,
                    0.16453125,
                    0.16921875,
                    0.17125,
                    0.175,
                    0.1728125,
                    0.1746875,
                    0.17453125,
                    0.1728125,
                    0.1728125,
                    0.1703125,
                    0.1728125,
                    0.17390625,
                    0.17546875,
                    0.17515625,
                    0.174375,
                    0.1740625,
                    0.1746875,
                    0.17765625,
                    0.17765625,
                    0.1778125,
                    0.17828125,
                    0.17703125,
                    0.1734375,
                    0.17203125,
                    0.17078125,
                    0.17125,
                    0.1696875,
                    0.17234375,
                    0.17421875,
                    0.17265625,
                    0.17765625,
                    0.17828125,
                    0.18140625,
                    0.17796875,
                    0.1790625,
                    0.18359375,
                    0.18296875,
                    0.17984375,
                    0.1834375,
                    0.18890625,
                    0.18359375,
                    0.18109375,
                    0.17875,
                    0.17828125,
                    0.18265625,
                    0.1790625,
                    0.17765625,
                    0.185,
                    0.1809375,
                    0.18125,
                    0.17953125,
                    0.19203125,
                    0.195
                ],
                "cur_sim": 0.195
            },
            {
                "video_path": "/nfs/oagrawal/wan/Wan2.1/vbench_eval_easycache/videos/wan_ec_adaptive_16_100_020/A beautiful coastal beach in spring, waves lapping on sand, oil painting-0.mp4",
                "video_results": 0.21882523148148145,
                "frame_results": [
                    0.2109375,
                    0.20578125,
                    0.20703125,
                    0.21328125,
                    0.21140625,
                    0.21140625,
                    0.20875,
                    0.21328125,
                    0.2134375,
                    0.21609375,
                    0.2128125,
                    0.21421875,
                    0.21859375,
                    0.21046875,
                    0.21359375,
                    0.209375,
                    0.21015625,
                    0.20984375,
                    0.20484375,
                    0.21421875,
                    0.208125,
                    0.208125,
                    0.21015625,
                    0.21,
                    0.2059375,
                    0.21875,
                    0.21734375,
                    0.21265625,
                    0.2090625,
                    0.2103125,
                    0.209375,
                    0.220625,
                    0.219375,
                    0.22125,
                    0.226875,
                    0.22671875,
                    0.22328125,
                    0.2240625,
                    0.22546875,
                    0.225625,
                    0.22609375,
                    0.22328125,
                    0.2296875,
                    0.215625,
                    0.21515625,
                    0.2240625,
                    0.2340625,
                    0.22859375,
                    0.23375,
                    0.2275,
                    0.26109375,
                    0.2421875,
                    0.22828125,
                    0.21625,
                    0.2225,
                    0.20734375,
                    0.2128125,
                    0.2071875,
                    0.2196875,
                    0.22453125,
                    0.21140625,
                    0.21,
                    0.21,
                    0.2115625,
                    0.2159375,
                    0.2240625,
                    0.2240625,
                    0.23515625,
                    0.22703125,
                    0.22640625,
                    0.234375,
                    0.24484375,
                    0.23703125,
                    0.22609375,
                    0.22328125,
                    0.22234375,
                    0.2171875,
                    0.22,
                    0.2228125,
                    0.21,
                    0.20890625
                ],
                "cur_sim": 0.20890625
            },
            {
                "video_path": "/nfs/oagrawal/wan/Wan2.1/vbench_eval_easycache/videos/wan_ec_adaptive_16_100_020/A beautiful coastal beach in spring, waves lapping on sand by Hokusai, in the style of Ukiyo-0.mp4",
                "video_results": 0.18648726851851852,