{
    "appearance_style": [
        0.22771412037037028,
        [
            {
                "video_path": "/nfs/oagrawal/wan/Wan2.1/dicache_results/videos/wan_dc_fixed_0.20/A beautiful coastal beach in spring, waves lapping on sand, Van Gogh style-0.mp4",
                "video_results": 0.23019483024691362,
                "frame_results": [
                    0.2309375,
                    0.23640625,
                    0.23203125,
                    0.23140625,
                    0.2309375,
                    0.2315625,
                    0.2290625,
                    0.2353125,
                    0.2346875,
                    0.2303125,
                    0.23140625,
                    0.23296875,
                    0.23375,
                    0.22359375,
                    0.2253125,
                    0.23046875,
                    0.23421875,
                    0.22359375,
                    0.22921875,
                    0.235625,
                    0.236875,
                    0.21828125,
                    0.22046875,
                    0.22359375,
                    0.22625,
                    0.22390625,
                    0.22828125,
                    0.22796875,
                    0.22671875,
                    0.21625,
                    0.2246875,
                    0.2275,
                    0.2275,
                    0.23921875,
                    0.24390625,
                    0.2425,
                    0.24234375,
                    0.2265625,
                    0.23609375,
                    0.23359375,
                    0.23546875,
                    0.2190625,
                    0.22015625,
                    0.22078125,
                    0.223125,
                    0.2178125,
                    0.21671875,
                    0.216875,
                    0.22078125,
                    0.22390625,
                    0.23640625,
                    0.2359375,
                    0.238125,
                    0.22890625,
                    0.2334375,
                    0.2325,
                    0.23359375,
                    0.22984375,
                    0.23140625,
                    0.23,
                    0.23234375,
                    0.229375,
                    0.22859375,
                    0.22921875,
                    0.23015625,
                    0.22796875,
                    0.230625,
                    0.22875,
                    0.22953125,
                    0.22765625,
                    0.23515625,
                    0.23203125,
                    0.23359375,
                    0.2275,
                    0.2346875,
                    0.236875,
                    0.2371875,
                    0.2346875,
                    0.23890625,
                    0.24,
                    0.24078125
                ],
                "cur_sim": 0.24078125
            },
            {
                "video_path": "/nfs/oagrawal/wan/Wan2.1/dicache_results/videos/wan_dc_fixed_0.20/A beautiful coastal beach in spring, waves lapping on sand, oil painting-0.mp4",
                "video_results": 0.20927854938271603,
                "frame_results": [
                    0.21734375,
                    0.2096875,
                    0.21234375,
                    0.21078125,
                    0.2121875,
                    0.21703125,
                    0.21046875,
                    0.206875,
                    0.20375,
                    0.2071875,
                    0.20765625,
                    0.21046875,
                    0.21078125,
                    0.2109375,
                    0.20890625,
                    0.211875,
                    0.2065625,
                    0.2115625,
                    0.20890625,
                    0.2103125,
                    0.211875,
                    0.2075,
                    0.20421875,
                    0.203125,
                    0.20984375,
                    0.20515625,
                    0.205625,
                    0.20125,
                    0.2025,
                    0.209375,
                    0.2090625,
                    0.20796875,
                    0.205625,
                    0.20828125,
                    0.2065625,
                    0.21203125,
                    0.2084375,
                    0.211875,
                    0.22078125,
                    0.21265625,
                    0.21515625,
                    0.209375,
                    0.20328125,
                    0.20515625,
                    0.215,
                    0.21234375,
                    0.2025,
                    0.20765625,
                    0.20875,
                    0.20546875,
                    0.21109375,
                    0.2034375,
                    0.20578125,
                    0.206875,
                    0.2075,
                    0.20640625,
                    0.2053125,
                    0.20890625,
                    0.20984375,
                    0.2125,
                    0.2103125,
                    0.210625,
                    0.21,
                    0.21078125,
                    0.2115625,
                    0.2134375,
                    0.2134375,
                    0.2209375,
                    0.21671875,
                    0.211875,
                    0.2125,
                    0.210625,
                    0.20765625,
                    0.210625,
                    0.20953125,
                    0.21078125,
                    0.21171875,
                    0.20734375,
                    0.2065625,
                    0.20234375,
                    0.20046875
                ],
                "cur_sim": 0.20046875
            },
            {
                "video_path": "/nfs/oagrawal/wan/Wan2.1/dicache_results/videos/wan_dc_fixed_0.20/A beautiful coastal beach in spring, waves lapping on sand by Hokusai, in the style of Ukiyo-0.mp4",
                "video_results": 0.2436689814814815,