{
  "mochi_adaptive_c1": {
    "mode": "mochi_adaptive_c1",
    "baseline": "mochi_baseline",
    "num_videos": 2,
    "psnr": {
      "mean": 17.97463773288301,
      "std": 0.495271479785762
    },
    "ssim": {
      "mean": 0.7936897502960005,
      "std": 0.027574610231990093
    },
    "lpips": {
      "mean": 0.24684404682345187,
      "std": 0.04731735299152831
    }
  },
  "mochi_adaptive_c2": {
    "mode": "mochi_adaptive_c2",
    "baseline": "mochi_baseline",
    "num_videos": 2,
    "psnr": {
      "mean": 15.457734397736122,
      "std": 1.6980527460393589
    },
    "ssim": {
      "mean": 0.7277893519450862,
      "std": 0.017029511873416225
    },
    "lpips": {
      "mean": 0.36602829945233706,
      "std": 0.06852309734909082
    }
  },
  "mochi_adaptive_c3": {
    "mode": "mochi_adaptive_c3",
    "baseline": "mochi_baseline",
    "num_videos": 2,
    "psnr": {
      "mean": 17.445508913917056,
      "std": 3.339031639072026
    },
    "ssim": {
      "mean": 0.7817102180257605,
      "std": 0.07839662616933069
    },
    "lpips": {
      "mean": 0.274278584662025,
      "std": 0.1268717483417388
    }
  },
  "mochi_adaptive_c4": {
    "mode": "mochi_adaptive_c4",
    "baseline": "mochi_baseline",
    "num_videos": 2,
    "psnr": {
      "mean": 15.760014382436157,
      "std": 1.4918435666443512
    },
    "ssim": {
      "mean": 0.7488166649439367,
      "std": 0.024654006493967817
    },
    "lpips": {
      "mean": 0.3260744192574653,
      "std": 0.06224479224601406
    }
  }
}