{
  "mode": "mochi_adaptive_c4",
  "baseline": "mochi_baseline",
  "num_videos": 2,
  "psnr": {
    "mean": 15.760014382436157,
    "std": 1.4918435666443512
  },
  "ssim": {
    "mean": 0.7488166649439367,
    "std": 0.024654006493967817
  },
  "lpips": {
    "mean": 0.3260744192574653,
    "std": 0.06224479224601406
  }
}