{
  "mode": "mochi_adaptive_c1",
  "baseline": "mochi_baseline",
  "num_videos": 2,
  "psnr": {
    "mean": 17.97463773288301,
    "std": 0.495271479785762
  },
  "ssim": {
    "mean": 0.7936897502960005,
    "std": 0.027574610231990093
  },
  "lpips": {
    "mean": 0.24684404682345187,
    "std": 0.04731735299152831
  }
}