{
  "mode": "mochi_adaptive_c2",
  "baseline": "mochi_baseline",
  "num_videos": 2,
  "psnr": {
    "mean": 15.457734397736122,
    "std": 1.6980527460393589
  },
  "ssim": {
    "mean": 0.7277893519450862,
    "std": 0.017029511873416225
  },
  "lpips": {
    "mean": 0.36602829945233706,
    "std": 0.06852309734909082
  }
}