{
  "mode": "mochi_adaptive_c3",
  "baseline": "mochi_baseline",
  "num_videos": 2,
  "psnr": {
    "mean": 17.445508913917056,
    "std": 3.339031639072026
  },
  "ssim": {
    "mean": 0.7817102180257605,
    "std": 0.07839662616933069
  },
  "lpips": {
    "mean": 0.274278584662025,
    "std": 0.1268717483417388
  }
}