{
    "appearance_style": [
        0.2011705968813906,
        [
            {
                "video_path": "/nfs/oagrawal/mochi/vbench_eval/videos/mochi_adaptive_f34s14l16/A beautiful coastal beach in spring, waves lapping on sand, Van Gogh style-0.mp4",
                "video_results": 0.17984854294478528,
                "frame_results": [
                    0.21671875,
                    0.21546875,
                    0.21078125,
                    0.208125,
                    0.20234375,
                    0.19984375,
                    0.200625,
                    0.20171875,
                    0.1953125,
                    0.2034375,
                    0.20125,
                    0.19734375,
                    0.1990625,
                    0.1959375,
                    0.19046875,
                    0.18734375,
                    0.18421875,
                    0.18046875,
                    0.17875,
                    0.1775,
                    0.17875,
                    0.18125,
                    0.18015625,
                    0.17875,
                    0.18015625,
                    0.1775,
                    0.17765625,
                    0.1790625,
                    0.18328125,
                    0.18078125,
                    0.18171875,
                    0.18265625,
                    0.181875,
                    0.18140625,
                    0.1825,
                    0.17640625,
                    0.17578125,
                    0.170625,
                    0.1721875,
                    0.1703125,
                    0.1728125,
                    0.17609375,
                    0.1759375,
                    0.175625,
                    0.1753125,
                    0.17671875,
                    0.1765625,
                    0.17625,
                    0.179375,
                    0.17703125,
                    0.17734375,
                    0.17921875,
                    0.1796875,
                    0.18,
                    0.1821875,
                    0.1846875,
                    0.1828125,
                    0.18640625,
                    0.18421875,
                    0.181875,
                    0.18265625,
                    0.17796875,
                    0.181875,
                    0.1796875,
                    0.18953125,
                    0.1875,
                    0.18640625,
                    0.1840625,
                    0.17953125,
                    0.1784375,
                    0.1775,
                    0.17828125,
                    0.18046875,
                    0.180625,
                    0.1809375,
                    0.1884375,
                    0.1871875,
                    0.1890625,
                    0.18984375,
                    0.19453125,
                    0.18609375,
                    0.1815625,
                    0.184375,
                    0.1846875,
                    0.18578125,
                    0.183125,
                    0.18203125,
                    0.1784375,
                    0.18890625,
                    0.18015625,
                    0.18046875,
                    0.17875,
                    0.18015625,
                    0.176875,
                    0.176875,
                    0.1759375,
                    0.1834375,
                    0.18265625,
                    0.16484375,
                    0.1715625,
                    0.16640625,
                    0.1684375,
                    0.16359375,
                    0.16609375,
                    0.17046875,
                    0.17625,
                    0.17671875,
                    0.178125,
                    0.17921875,
                    0.176875,
                    0.175,
                    0.1784375,
                    0.1765625,
                    0.1765625,
                    0.17359375,
                    0.1721875,
                    0.17078125,
                    0.168125,
                    0.1709375,
                    0.16984375,
                    0.1696875,
                    0.18171875,
                    0.1725,
                    0.17359375,
                    0.179375,
                    0.179375,
                    0.1815625,
                    0.18,
                    0.1859375,
                    0.1784375,
                    0.18,
                    0.1753125,
                    0.1721875,
                    0.170625,
                    0.1771875,
                    0.16953125,
                    0.17015625,
                    0.17203125,
                    0.1675,
                    0.17046875,
                    0.1696875,
                    0.16375,
                    0.16625,
                    0.16578125,
                    0.16734375,
                    0.1621875,
                    0.1653125,
                    0.1684375,
                    0.171875,
                    0.1715625,
                    0.1734375,
                    0.168125,
                    0.170625,
                    0.17125,
                    0.17390625,
                    0.1765625,
                    0.1803125,
                    0.174375,
                    0.17859375,
                    0.18546875,
                    0.1846875,
                    0.180625,
                    0.1828125
                ],
                "cur_sim": 0.1828125
            },
            {
                "video_path": "/nfs/oagrawal/mochi/vbench_eval/videos/mochi_adaptive_f34s14l16/A beautiful coastal beach in spring, waves lapping on sand, oil painting-0.mp4",
                "video_results": 0.25515912576687116,