{
    "appearance_style": [
        0.1906204989711935,
        [
            {
                "video_path": "/nfs/oagrawal/wan/Wan2.1/vbench_eval_easycache/videos/wan_ec_fixed_0.125/A beautiful coastal beach in spring, waves lapping on sand, Van Gogh style-0.mp4",
                "video_results": 0.17263310185185188,
                "frame_results": [
                    0.1678125,
                    0.1703125,
                    0.1696875,
                    0.174375,
                    0.17265625,
                    0.1728125,
                    0.1728125,
                    0.171875,
                    0.1725,
                    0.1675,
                    0.16671875,
                    0.16765625,
                    0.1684375,
                    0.16984375,
                    0.16875,
                    0.16859375,
                    0.1671875,
                    0.1659375,
                    0.16609375,
                    0.16609375,
                    0.165625,
                    0.16765625,
                    0.16703125,
                    0.16953125,
                    0.17015625,
                    0.16578125,
                    0.1653125,
                    0.16203125,
                    0.16265625,
                    0.1678125,
                    0.1703125,
                    0.17046875,
                    0.16875,
                    0.17171875,
                    0.17,
                    0.1696875,
                    0.1684375,
                    0.17,
                    0.17265625,
                    0.171875,
                    0.17234375,
                    0.1728125,
                    0.17375,
                    0.17359375,
                    0.1728125,
                    0.1775,
                    0.17796875,
                    0.1771875,
                    0.17640625,
                    0.1765625,
                    0.17328125,
                    0.17265625,
                    0.17078125,
                    0.17078125,
                    0.1709375,
                    0.17203125,
                    0.1734375,
                    0.17359375,
                    0.1771875,
                    0.178125,
                    0.1784375,
                    0.175625,
                    0.1790625,
                    0.1790625,
                    0.17859375,
                    0.17890625,
                    0.18125,
                    0.18109375,
                    0.176875,
                    0.1771875,
                    0.1771875,
                    0.17296875,
                    0.17765625,
                    0.17453125,
                    0.17140625,
                    0.1753125,
                    0.17546875,
                    0.17765625,
                    0.17921875,
                    0.18984375,
                    0.18703125
                ],
                "cur_sim": 0.18703125
            },
            {
                "video_path": "/nfs/oagrawal/wan/Wan2.1/vbench_eval_easycache/videos/wan_ec_fixed_0.125/A beautiful coastal beach in spring, waves lapping on sand, oil painting-0.mp4",
                "video_results": 0.21446952160493826,
                "frame_results": [
                    0.21109375,
                    0.20640625,
                    0.2109375,
                    0.21640625,
                    0.2134375,
                    0.21109375,
                    0.21140625,
                    0.2075,
                    0.206875,
                    0.2090625,
                    0.21578125,
                    0.215625,
                    0.21265625,
                    0.20953125,
                    0.2109375,
                    0.20671875,
                    0.203125,
                    0.21046875,
                    0.214375,
                    0.21265625,
                    0.211875,
                    0.214375,
                    0.20671875,
                    0.2059375,
                    0.20328125,
                    0.21671875,
                    0.21265625,
                    0.20703125,
                    0.2028125,
                    0.21,
                    0.2140625,
                    0.20953125,
                    0.2128125,
                    0.21484375,
                    0.21984375,
                    0.221875,
                    0.22140625,
                    0.21875,
                    0.22078125,
                    0.213125,
                    0.21734375,
                    0.210625,
                    0.225,
                    0.21015625,
                    0.21453125,
                    0.21203125,
                    0.22328125,
                    0.21890625,
                    0.21453125,
                    0.22015625,
                    0.234375,
                    0.21703125,
                    0.22171875,
                    0.21046875,
                    0.21203125,
                    0.203125,
                    0.20875,
                    0.20734375,
                    0.21890625,
                    0.209375,
                    0.20671875,
                    0.2028125,
                    0.21,
                    0.20390625,
                    0.21,
                    0.21203125,
                    0.2171875,
                    0.21953125,
                    0.21609375,
                    0.21796875,
                    0.2453125,
                    0.2321875,
                    0.22046875,
                    0.22734375,
                    0.21546875,
                    0.2178125,
                    0.2140625,
                    0.2225,
                    0.22109375,
                    0.229375,
                    0.2259375
                ],
                "cur_sim": 0.2259375
            },
            {
                "video_path": "/nfs/oagrawal/wan/Wan2.1/vbench_eval_easycache/videos/wan_ec_fixed_0.125/A beautiful coastal beach in spring, waves lapping on sand by Hokusai, in the style of Ukiyo-0.mp4",
                "video_results": 0.18475887345679012,