{
    "appearance_style": [
        0.15475290697674407,
        [
            {
                "video_path": "vbench_eval/videos/hunyuan_baseline/A beautiful coastal beach in spring, waves lapping on sand, Van Gogh style-0.mp4",
                "video_results": 0.14017260174418603,
                "frame_results": [
                    0.140078125,
                    0.138984375,
                    0.139609375,
                    0.14046875,
                    0.1403125,
                    0.139921875,
                    0.140234375,
                    0.140703125,
                    0.14125,
                    0.140625,
                    0.14015625,
                    0.140078125,
                    0.139765625,
                    0.13984375,
                    0.141171875,
                    0.141484375,
                    0.14203125,
                    0.140546875,
                    0.140703125,
                    0.14046875,
                    0.1403125,
                    0.141484375,
                    0.141484375,
                    0.1409375,
                    0.14140625,
                    0.140625,
                    0.14046875,
                    0.141015625,
                    0.141953125,
                    0.140546875,
                    0.140390625,
                    0.14046875,
                    0.1409375,
                    0.139375,
                    0.14,
                    0.140703125,
                    0.140703125,
                    0.140703125,
                    0.140234375,
                    0.14046875,
                    0.141015625,
                    0.140703125,
                    0.14015625,
                    0.14015625,
                    0.1409375,
                    0.139921875,
                    0.139140625,
                    0.138828125,
                    0.138359375,
                    0.139296875,
                    0.138515625,
                    0.13875,
                    0.138828125,
                    0.1396875,
                    0.13984375,
                    0.1409375,
                    0.1403125,
                    0.1403125,
                    0.141015625,
                    0.140625,
                    0.141015625,
                    0.1409375,
                    0.140859375,
                    0.141640625,
                    0.142109375,
                    0.141875,
                    0.140703125,
                    0.140859375,
                    0.14125,
                    0.140390625,
                    0.141015625,
                    0.141328125,
                    0.14078125,
                    0.1428125,
                    0.142109375,
                    0.1415625,
                    0.1428125,
                    0.14015625,
                    0.140234375,
                    0.141484375,
                    0.140546875,
                    0.14046875,
                    0.14140625,
                    0.141171875,
                    0.14140625,
                    0.1409375,
                    0.1409375,
                    0.140703125,
                    0.14078125,
                    0.13890625,
                    0.13890625,
                    0.139375,
                    0.13984375,
                    0.139375,
                    0.13984375,
                    0.139140625,
                    0.13953125,
                    0.1390625,
                    0.13890625,
                    0.138984375,
                    0.1390625,
                    0.138125,
                    0.13921875,
                    0.139140625,
                    0.1403125,
                    0.14015625,
                    0.1390625,
                    0.138984375,
                    0.1396875,
                    0.138828125,
                    0.13953125,
                    0.139296875,
                    0.139453125,
                    0.140546875,
                    0.13953125,
                    0.138828125,
                    0.139609375,
                    0.13953125,
                    0.139375,
                    0.138203125,
                    0.138984375,
                    0.13828125,
                    0.13890625,
                    0.13875,
                    0.139140625,
                    0.139375,
                    0.138828125,
                    0.1384375,
                    0.13890625
                ],
                "cur_sim": 0.13890625
            },
            {
                "video_path": "vbench_eval/videos/hunyuan_baseline/A beautiful coastal beach in spring, waves lapping on sand, oil painting-0.mp4",
                "video_results": 0.16207606589147286,