{
    "appearance_style": [
        0.193011188271605,
        [
            {
                "video_path": "/nfs/oagrawal/wan/Wan2.1/vbench_eval_easycache/videos/wan_ec_adaptive_16_025_020/A beautiful coastal beach in spring, waves lapping on sand, Van Gogh style-0.mp4",
                "video_results": 0.17057677469135804,
                "frame_results": [
                    0.1671875,
                    0.1675,
                    0.16640625,
                    0.17,
                    0.1665625,
                    0.16484375,
                    0.166875,
                    0.16765625,
                    0.16640625,
                    0.16734375,
                    0.165625,
                    0.166875,
                    0.169375,
                    0.16796875,
                    0.16671875,
                    0.16796875,
                    0.1671875,
                    0.1659375,
                    0.165,
                    0.1653125,
                    0.16578125,
                    0.16640625,
                    0.1634375,
                    0.16484375,
                    0.16234375,
                    0.16265625,
                    0.16390625,
                    0.16390625,
                    0.16375,
                    0.1671875,
                    0.16921875,
                    0.17078125,
                    0.1675,
                    0.169375,
                    0.1675,
                    0.16828125,
                    0.16828125,
                    0.16765625,
                    0.17140625,
                    0.1725,
                    0.17375,
                    0.17359375,
                    0.17328125,
                    0.1746875,
                    0.17375,
                    0.17421875,
                    0.17234375,
                    0.17328125,
                    0.170625,
                    0.1721875,
                    0.1709375,
                    0.17171875,
                    0.16859375,
                    0.1675,
                    0.1671875,
                    0.16921875,
                    0.17,
                    0.16984375,
                    0.1725,
                    0.1734375,
                    0.17546875,
                    0.17671875,
                    0.17609375,
                    0.1759375,
                    0.1775,
                    0.17734375,
                    0.1784375,
                    0.1765625,
                    0.1728125,
                    0.17484375,
                    0.17421875,
                    0.1715625,
                    0.17453125,
                    0.17625,
                    0.17640625,
                    0.17640625,
                    0.17609375,
                    0.1784375,
                    0.17859375,
                    0.18171875,
                    0.18265625
                ],
                "cur_sim": 0.18265625
            },
            {
                "video_path": "/nfs/oagrawal/wan/Wan2.1/vbench_eval_easycache/videos/wan_ec_adaptive_16_025_020/A beautiful coastal beach in spring, waves lapping on sand, oil painting-0.mp4",
                "video_results": 0.21314621913580242,
                "frame_results": [
                    0.20265625,
                    0.20203125,
                    0.20546875,
                    0.20734375,
                    0.20375,
                    0.21046875,
                    0.2109375,
                    0.20921875,
                    0.203125,
                    0.2059375,
                    0.2153125,
                    0.21015625,
                    0.2121875,
                    0.203125,
                    0.20203125,
                    0.2003125,
                    0.20640625,
                    0.2059375,
                    0.2121875,
                    0.2075,
                    0.2090625,
                    0.20125,
                    0.20515625,
                    0.20546875,
                    0.20484375,
                    0.20859375,
                    0.20453125,
                    0.203125,
                    0.20203125,
                    0.20671875,
                    0.21046875,
                    0.21203125,
                    0.22078125,
                    0.211875,
                    0.2153125,
                    0.209375,
                    0.210625,
                    0.2046875,
                    0.2090625,
                    0.21296875,
                    0.219375,
                    0.210625,
                    0.213125,
                    0.2121875,
                    0.2075,
                    0.21625,
                    0.215625,
                    0.2184375,
                    0.2146875,
                    0.2203125,
                    0.22515625,
                    0.221875,
                    0.22265625,
                    0.208125,
                    0.2071875,
                    0.2059375,
                    0.2134375,
                    0.20796875,
                    0.20984375,
                    0.2084375,
                    0.2065625,
                    0.20296875,
                    0.2115625,
                    0.2096875,
                    0.21109375,
                    0.22109375,
                    0.218125,
                    0.224375,
                    0.2121875,
                    0.233125,
                    0.2484375,
                    0.2359375,
                    0.23375,
                    0.23875,
                    0.233125,
                    0.23296875,
                    0.21828125,
                    0.23015625,
                    0.2321875,
                    0.21609375,
                    0.2115625
                ],
                "cur_sim": 0.2115625
            },
            {
                "video_path": "/nfs/oagrawal/wan/Wan2.1/vbench_eval_easycache/videos/wan_ec_adaptive_16_025_020/A beautiful coastal beach in spring, waves lapping on sand by Hokusai, in the style of Ukiyo-0.mp4",
                "video_results": 0.19531057098765434,