{
    "appearance_style": [
        0.19010673868312755,
        [
            {
                "video_path": "/nfs/oagrawal/wan/Wan2.1/vbench_eval_easycache/videos/wan_ec_fixed_0.175/A beautiful coastal beach in spring, waves lapping on sand, Van Gogh style-0.mp4",
                "video_results": 0.16960648148148147,
                "frame_results": [
                    0.1659375,
                    0.16828125,
                    0.16828125,
                    0.1728125,
                    0.17390625,
                    0.16921875,
                    0.16765625,
                    0.169375,
                    0.16890625,
                    0.16609375,
                    0.165625,
                    0.16640625,
                    0.16703125,
                    0.1646875,
                    0.16390625,
                    0.16640625,
                    0.16484375,
                    0.161875,
                    0.1625,
                    0.16265625,
                    0.16390625,
                    0.1640625,
                    0.1653125,
                    0.1671875,
                    0.1675,
                    0.1646875,
                    0.16328125,
                    0.16015625,
                    0.16046875,
                    0.1640625,
                    0.16515625,
                    0.168125,
                    0.16734375,
                    0.165625,
                    0.16640625,
                    0.16734375,
                    0.16578125,
                    0.168125,
                    0.17109375,
                    0.1703125,
                    0.171875,
                    0.1703125,
                    0.1696875,
                    0.16921875,
                    0.1696875,
                    0.17296875,
                    0.1740625,
                    0.17421875,
                    0.17265625,
                    0.1740625,
                    0.16984375,
                    0.16984375,
                    0.17015625,
                    0.1690625,
                    0.168125,
                    0.17015625,
                    0.170625,
                    0.17,
                    0.17046875,
                    0.1740625,
                    0.17296875,
                    0.1721875,
                    0.1725,
                    0.17421875,
                    0.173125,
                    0.17203125,
                    0.17390625,
                    0.17484375,
                    0.1725,
                    0.1728125,
                    0.17375,
                    0.1734375,
                    0.17421875,
                    0.17140625,
                    0.17296875,
                    0.17359375,
                    0.1734375,
                    0.17640625,
                    0.178125,
                    0.18078125,
                    0.18546875
                ],
                "cur_sim": 0.18546875
            },
            {
                "video_path": "/nfs/oagrawal/wan/Wan2.1/vbench_eval_easycache/videos/wan_ec_fixed_0.175/A beautiful coastal beach in spring, waves lapping on sand, oil painting-0.mp4",
                "video_results": 0.2105516975308642,
                "frame_results": [
                    0.2028125,
                    0.2,
                    0.201875,
                    0.2075,
                    0.20453125,
                    0.20734375,
                    0.2084375,
                    0.20484375,
                    0.2096875,
                    0.20484375,
                    0.211875,
                    0.20875,
                    0.20484375,
                    0.2021875,
                    0.2021875,
                    0.2,
                    0.203125,
                    0.1996875,
                    0.201875,
                    0.19875,
                    0.20296875,
                    0.20921875,
                    0.20609375,
                    0.20375,
                    0.1975,
                    0.209375,
                    0.20375,
                    0.19859375,
                    0.19640625,
                    0.2059375,
                    0.209375,
                    0.2071875,
                    0.20890625,
                    0.21109375,
                    0.20515625,
                    0.21421875,
                    0.2096875,
                    0.20640625,
                    0.21421875,
                    0.2165625,
                    0.2159375,
                    0.213125,
                    0.22203125,
                    0.21546875,
                    0.213125,
                    0.220625,
                    0.22765625,
                    0.22,
                    0.21734375,
                    0.21484375,
                    0.22671875,
                    0.2140625,
                    0.2165625,
                    0.2059375,
                    0.20484375,
                    0.2084375,
                    0.20734375,
                    0.20828125,
                    0.216875,
                    0.20921875,
                    0.2084375,
                    0.2128125,
                    0.21390625,
                    0.21125,
                    0.2190625,
                    0.21828125,
                    0.22359375,
                    0.2115625,
                    0.21359375,
                    0.23046875,
                    0.2328125,
                    0.2225,
                    0.22140625,
                    0.21171875,
                    0.21390625,
                    0.21015625,
                    0.20578125,
                    0.21265625,
                    0.21109375,
                    0.215625,
                    0.2140625
                ],
                "cur_sim": 0.2140625
            },
            {
                "video_path": "/nfs/oagrawal/wan/Wan2.1/vbench_eval_easycache/videos/wan_ec_fixed_0.175/A beautiful coastal beach in spring, waves lapping on sand by Hokusai, in the style of Ukiyo-0.mp4",
                "video_results": 0.19016203703703702,