{
    "appearance_style": [
        0.1932034465020577,
        [
            {
                "video_path": "/nfs/oagrawal/wan/Wan2.1/vbench_eval_easycache/videos/wan_ec_adaptive_16_020040/A beautiful coastal beach in spring, waves lapping on sand, Van Gogh style-0.mp4",
                "video_results": 0.17034722222222223,
                "frame_results": [
                    0.1734375,
                    0.170625,
                    0.16921875,
                    0.1696875,
                    0.16875,
                    0.16859375,
                    0.1690625,
                    0.1671875,
                    0.168125,
                    0.1640625,
                    0.16703125,
                    0.16921875,
                    0.1696875,
                    0.16984375,
                    0.16890625,
                    0.1684375,
                    0.1671875,
                    0.16984375,
                    0.16640625,
                    0.1665625,
                    0.166875,
                    0.16703125,
                    0.1665625,
                    0.1665625,
                    0.16546875,
                    0.165,
                    0.1653125,
                    0.16484375,
                    0.165,
                    0.16609375,
                    0.16890625,
                    0.16953125,
                    0.16984375,
                    0.16921875,
                    0.16984375,
                    0.17140625,
                    0.17234375,
                    0.17140625,
                    0.1728125,
                    0.1746875,
                    0.171875,
                    0.16890625,
                    0.1684375,
                    0.1690625,
                    0.17109375,
                    0.1721875,
                    0.1740625,
                    0.17203125,
                    0.17171875,
                    0.17,
                    0.17203125,
                    0.17078125,
                    0.170625,
                    0.1715625,
                    0.16984375,
                    0.17359375,
                    0.17140625,
                    0.17109375,
                    0.17203125,
                    0.17171875,
                    0.1721875,
                    0.17265625,
                    0.17296875,
                    0.17296875,
                    0.1703125,
                    0.17078125,
                    0.17125,
                    0.1703125,
                    0.16890625,
                    0.17078125,
                    0.173125,
                    0.1746875,
                    0.17421875,
                    0.1746875,
                    0.1734375,
                    0.173125,
                    0.17453125,
                    0.17484375,
                    0.1721875,
                    0.17890625,
                    0.1765625
                ],
                "cur_sim": 0.1765625
            },
            {
                "video_path": "/nfs/oagrawal/wan/Wan2.1/vbench_eval_easycache/videos/wan_ec_adaptive_16_020040/A beautiful coastal beach in spring, waves lapping on sand, oil painting-0.mp4",
                "video_results": 0.21279320987654324,
                "frame_results": [
                    0.20234375,
                    0.2071875,
                    0.2090625,
                    0.2084375,
                    0.20484375,
                    0.2065625,
                    0.20234375,
                    0.2028125,
                    0.2078125,
                    0.2009375,
                    0.2040625,
                    0.20546875,
                    0.21203125,
                    0.206875,
                    0.199375,
                    0.19765625,
                    0.20421875,
                    0.21296875,
                    0.2021875,
                    0.203125,
                    0.205,
                    0.20109375,
                    0.200625,
                    0.2028125,
                    0.21109375,
                    0.20609375,
                    0.20578125,
                    0.208125,
                    0.19921875,
                    0.2009375,
                    0.20953125,
                    0.21453125,
                    0.20796875,
                    0.20296875,
                    0.20515625,
                    0.206875,
                    0.20765625,
                    0.20609375,
                    0.20859375,
                    0.2046875,
                    0.20984375,
                    0.215625,
                    0.21703125,
                    0.20734375,
                    0.2071875,
                    0.208125,
                    0.214375,
                    0.209375,
                    0.20671875,
                    0.215625,
                    0.2275,
                    0.2253125,
                    0.22546875,
                    0.21109375,
                    0.21015625,
                    0.2065625,
                    0.20984375,
                    0.2146875,
                    0.22171875,
                    0.21859375,
                    0.21953125,
                    0.21984375,
                    0.22125,
                    0.22796875,
                    0.2175,
                    0.22671875,
                    0.22265625,
                    0.229375,
                    0.221875,
                    0.24734375,
                    0.23703125,
                    0.23296875,
                    0.2215625,
                    0.22953125,
                    0.22921875,
                    0.23078125,
                    0.224375,
                    0.22171875,
                    0.234375,
                    0.21609375,
                    0.2071875
                ],
                "cur_sim": 0.2071875
            },
            {
                "video_path": "/nfs/oagrawal/wan/Wan2.1/vbench_eval_easycache/videos/wan_ec_adaptive_16_020040/A beautiful coastal beach in spring, waves lapping on sand by Hokusai, in the style of Ukiyo-0.mp4",
                "video_results": 0.19646990740740744,