{
    "appearance_style": [
        0.22558063271604933,
        [
            {
                "video_path": "/nfs/oagrawal/wan/Wan2.1/dicache_results/videos/wan_dc_adaptive_hi0.25_lo0.15/A beautiful coastal beach in spring, waves lapping on sand, Van Gogh style-0.mp4",
                "video_results": 0.2372820216049383,
                "frame_results": [
                    0.24421875,
                    0.24375,
                    0.241875,
                    0.24109375,
                    0.23890625,
                    0.2409375,
                    0.2434375,
                    0.239375,
                    0.2403125,
                    0.241875,
                    0.241875,
                    0.244375,
                    0.24265625,
                    0.2446875,
                    0.24515625,
                    0.24265625,
                    0.2440625,
                    0.2475,
                    0.2453125,
                    0.24578125,
                    0.2478125,
                    0.24359375,
                    0.24296875,
                    0.2446875,
                    0.2421875,
                    0.24015625,
                    0.23671875,
                    0.234375,
                    0.235625,
                    0.2225,
                    0.22359375,
                    0.2234375,
                    0.226875,
                    0.22859375,
                    0.22578125,
                    0.22484375,
                    0.22375,
                    0.22796875,
                    0.22890625,
                    0.23625,
                    0.235625,
                    0.23171875,
                    0.2396875,
                    0.2403125,
                    0.2415625,
                    0.22953125,
                    0.23359375,
                    0.225625,
                    0.22671875,
                    0.23171875,
                    0.229375,
                    0.22875,
                    0.23328125,
                    0.230625,
                    0.238125,
                    0.23859375,
                    0.2390625,
                    0.24078125,
                    0.24296875,
                    0.24453125,
                    0.24453125,
                    0.2475,
                    0.2471875,
                    0.24296875,
                    0.24625,
                    0.24359375,
                    0.2390625,
                    0.233125,
                    0.24015625,
                    0.2334375,
                    0.23140625,
                    0.23,
                    0.2284375,
                    0.2265625,
                    0.23078125,
                    0.2296875,
                    0.230625,
                    0.23890625,
                    0.24328125,
                    0.2484375,
                    0.24125
                ],
                "cur_sim": 0.24125
            },
            {
                "video_path": "/nfs/oagrawal/wan/Wan2.1/dicache_results/videos/wan_dc_adaptive_hi0.25_lo0.15/A beautiful coastal beach in spring, waves lapping on sand, oil painting-0.mp4",
                "video_results": 0.2045775462962963,
                "frame_results": [
                    0.2209375,
                    0.20875,
                    0.206875,
                    0.19859375,
                    0.20296875,
                    0.2034375,
                    0.20875,
                    0.20640625,
                    0.2109375,
                    0.21265625,
                    0.21671875,
                    0.20984375,
                    0.2140625,
                    0.21296875,
                    0.2103125,
                    0.2134375,
                    0.20921875,
                    0.21046875,
                    0.2059375,
                    0.2075,
                    0.205,
                    0.206875,
                    0.20625,
                    0.20203125,
                    0.19859375,
                    0.1978125,
                    0.19859375,
                    0.1984375,
                    0.1978125,
                    0.2015625,
                    0.200625,
                    0.2015625,
                    0.19625,
                    0.2009375,
                    0.20171875,
                    0.201875,
                    0.19984375,
                    0.20125,
                    0.203125,
                    0.20234375,
                    0.200625,
                    0.19953125,
                    0.20203125,
                    0.2015625,
                    0.199375,
                    0.1990625,
                    0.20078125,
                    0.20296875,
                    0.20515625,
                    0.20203125,
                    0.20171875,
                    0.2,
                    0.20515625,
                    0.2009375,
                    0.20265625,
                    0.20703125,
                    0.2071875,
                    0.2015625,
                    0.19875,
                    0.203125,
                    0.2009375,
                    0.2046875,
                    0.204375,
                    0.20734375,
                    0.201875,
                    0.20390625,
                    0.20671875,
                    0.2028125,
                    0.2025,
                    0.20734375,
                    0.20171875,
                    0.20484375,
                    0.20734375,
                    0.20734375,
                    0.20546875,
                    0.204375,
                    0.206875,
                    0.21234375,
                    0.206875,
                    0.20859375,
                    0.20796875
                ],
                "cur_sim": 0.20796875
            },
            {
                "video_path": "/nfs/oagrawal/wan/Wan2.1/dicache_results/videos/wan_dc_adaptive_hi0.25_lo0.15/A beautiful coastal beach in spring, waves lapping on sand by Hokusai, in the style of Ukiyo-0.mp4",
                "video_results": 0.23488233024691355,