{
    "appearance_style": [
        0.1930832047325104,
        [
            {
                "video_path": "/nfs/oagrawal/wan/Wan2.1/vbench_eval_easycache/videos/wan_ec_fixed_0.040/A beautiful coastal beach in spring, waves lapping on sand, Van Gogh style-0.mp4",
                "video_results": 0.17069058641975307,
                "frame_results": [
                    0.169375,
                    0.17203125,
                    0.17015625,
                    0.17203125,
                    0.17171875,
                    0.169375,
                    0.1696875,
                    0.16984375,
                    0.1696875,
                    0.16734375,
                    0.16578125,
                    0.1671875,
                    0.16984375,
                    0.16921875,
                    0.16890625,
                    0.16796875,
                    0.16734375,
                    0.16828125,
                    0.16609375,
                    0.166875,
                    0.1659375,
                    0.16640625,
                    0.16796875,
                    0.1671875,
                    0.166875,
                    0.16640625,
                    0.16734375,
                    0.16609375,
                    0.16515625,
                    0.16796875,
                    0.1715625,
                    0.1721875,
                    0.17109375,
                    0.17296875,
                    0.17125,
                    0.1696875,
                    0.17140625,
                    0.17046875,
                    0.17109375,
                    0.1734375,
                    0.17203125,
                    0.170625,
                    0.17078125,
                    0.170625,
                    0.17140625,
                    0.17125,
                    0.176875,
                    0.17359375,
                    0.17171875,
                    0.17125,
                    0.170625,
                    0.16921875,
                    0.16953125,
                    0.17109375,
                    0.17109375,
                    0.17390625,
                    0.17328125,
                    0.1715625,
                    0.17265625,
                    0.17296875,
                    0.17234375,
                    0.17125,
                    0.17109375,
                    0.17171875,
                    0.1709375,
                    0.17359375,
                    0.17296875,
                    0.17140625,
                    0.169375,
                    0.171875,
                    0.173125,
                    0.17265625,
                    0.1746875,
                    0.175,
                    0.1721875,
                    0.17234375,
                    0.1725,
                    0.17546875,
                    0.17359375,
                    0.17453125,
                    0.1759375
                ],
                "cur_sim": 0.1759375
            },
            {
                "video_path": "/nfs/oagrawal/wan/Wan2.1/vbench_eval_easycache/videos/wan_ec_fixed_0.040/A beautiful coastal beach in spring, waves lapping on sand, oil painting-0.mp4",
                "video_results": 0.21264081790123454,
                "frame_results": [
                    0.20171875,
                    0.2071875,
                    0.21421875,
                    0.21140625,
                    0.20828125,
                    0.210625,
                    0.20984375,
                    0.20234375,
                    0.21203125,
                    0.20125,
                    0.21046875,
                    0.20375,
                    0.19625,
                    0.2065625,
                    0.2003125,
                    0.19953125,
                    0.19890625,
                    0.20515625,
                    0.20234375,
                    0.19875,
                    0.2009375,
                    0.2,
                    0.20515625,
                    0.2028125,
                    0.209375,
                    0.22078125,
                    0.2065625,
                    0.2028125,
                    0.2028125,
                    0.20359375,
                    0.206875,
                    0.208125,
                    0.21171875,
                    0.2059375,
                    0.20734375,
                    0.2075,
                    0.20625,
                    0.2078125,
                    0.21109375,
                    0.2121875,
                    0.20609375,
                    0.209375,
                    0.20421875,
                    0.20734375,
                    0.20453125,
                    0.21375,
                    0.214375,
                    0.210625,
                    0.21125,
                    0.20921875,
                    0.22125,
                    0.213125,
                    0.2159375,
                    0.21328125,
                    0.21640625,
                    0.21421875,
                    0.21546875,
                    0.21953125,
                    0.2153125,
                    0.21359375,
                    0.2140625,
                    0.2225,
                    0.2134375,
                    0.21890625,
                    0.2203125,
                    0.21953125,
                    0.221875,
                    0.2153125,
                    0.21859375,
                    0.261875,
                    0.2528125,
                    0.2309375,
                    0.21828125,
                    0.24390625,
                    0.22296875,
                    0.22125,
                    0.2309375,
                    0.23984375,
                    0.2190625,
                    0.21578125,
                    0.2121875
                ],
                "cur_sim": 0.2121875
            },
            {
                "video_path": "/nfs/oagrawal/wan/Wan2.1/vbench_eval_easycache/videos/wan_ec_fixed_0.040/A beautiful coastal beach in spring, waves lapping on sand by Hokusai, in the style of Ukiyo-0.mp4",
                "video_results": 0.19591820987654324,