{
  "mode": "hunyuan_fixed_0.1",
  "baseline": "hunyuan_baseline",
  "num_videos": 33,
  "psnr": {
    "mean": 24.687582872151555,
    "std": 4.5714822581382135
  },
  "ssim": {
    "mean": 0.8185011160049624,
    "std": 0.08465187014154145
  },
  "lpips": {
    "mean": 0.18743093915166417,
    "std": 0.1012790104514876
  }
}