{
  "mode": "hunyuan_adaptive",
  "baseline": "hunyuan_baseline",
  "num_videos": 33,
  "psnr": {
    "mean": 23.850782889909382,
    "std": 4.04664435634091
  },
  "ssim": {
    "mean": 0.7964750573973327,
    "std": 0.08100006492182027
  },
  "lpips": {
    "mean": 0.21459071678502167,
    "std": 0.09595886198702196
  }
}