{
  "mode": "hunyuan_fixed_0.2",
  "baseline": "hunyuan_baseline",
  "num_videos": 33,
  "psnr": {
    "mean": 21.713051992723443,
    "std": 3.0822571363160427
  },
  "ssim": {
    "mean": 0.7548876700562744,
    "std": 0.07108835578739447
  },
  "lpips": {
    "mean": 0.2763581880912384,
    "std": 0.08916391936689912
  }
}